arm	coloc_type	scenario	pp_h4_gt08	se	n
atac_imp	distinct	any	0.14728682170542637	0.01803805805763245	387
atac_imp	distinct	observed	0.1256544502617801	0.01385901850927914	573
atac_imp	distinct	untyped	0.11469072164948453	0.011446186011746023	776
atac_imp	shared	any	0.7225	0.02241630213714473	400
atac_imp	shared	observed	0.7010309278350515	0.018993003787280357	582
atac_imp	shared	untyped	0.66	0.016758611631927843	800
gex_imp	distinct	any	0.10852713178294573	0.01583177377147203	387
gex_imp	distinct	observed	0.0924956369982548	0.01211398328974842	573
gex_imp	distinct	untyped	0.10051546391752578	0.010800962049801492	776
gex_imp	shared	any	0.5375	0.024960808880119943	400
gex_imp	shared	observed	0.718213058419244	0.01866375453791377	582
gex_imp	shared	untyped	0.53	0.01765686002329839	800
gex_naive	distinct	any	0.10594315245478036	0.01566481825097474	387
gex_naive	distinct	observed	0.2757417102966841	0.018685294856650544	573
gex_naive	distinct	untyped	0.09020618556701031	0.010290554996316136	776
gex_naive	shared	any	0.18	0.01923342954415762	400
gex_naive	shared	observed	0.7147766323024055	0.018732237632144245	582
gex_naive	shared	untyped	0.1675	0.013210709331875946	800
multiome_imp	distinct	any	0.12661498708010335	0.01692590008220445	387
multiome_imp	distinct	observed	0.12041884816753927	0.013607776800941251	573
multiome_imp	distinct	untyped	0.1095360824742268	0.011218528976677375	776
multiome_imp	shared	any	0.73	0.022225772481648753	400
multiome_imp	shared	observed	0.7560137457044673	0.017818020718480883	582
multiome_imp	shared	untyped	0.66875	0.016650851643401403	800
truth	distinct	any	0.1524547803617571	0.01829609094313581	387
truth	distinct	observed	0.1431064572425829	0.014641819068202503	573
truth	distinct	untyped	0.12757731958762886	0.011983932636577162	776
truth	shared	any	0.8175	0.019336989758810205	400
truth	shared	observed	0.7903780068728522	0.01688681635120817	582
truth	shared	untyped	0.76625	0.014972270468393344	800
