arm	scenario	h2	egene_bonf	n_cs	causal_in_cs	all_causal_in_cs	cs_size_median	causal_pip_mean	causal_pip_gt05	lead_is_causal	lead_ld_causal	lead_observed_gex	egene_bonf_se	n_cs_se	causal_in_cs_se	all_causal_in_cs_se	cs_size_median_se	causal_pip_mean_se	causal_pip_gt05_se	lead_is_causal_se	lead_ld_causal_se	lead_observed_gex_se	n_pheno	realized_r2	realized_r2_median
atac_imp	any	0.05	0.53	0.10333333333333333	0.03666666666666667	0.02666666666666667	28.64516129032258	0.028139410465913766	0.008333333333333333	0.06333333333333334	0.5651774262049742	0.03	0.02886365132641704	0.017603545131283895	0.010070358208901642	0.00931707454688573	7.115415400125079	0.004916561227917062	0.004390583146254821	0.014085527360052114	0.023970015176500218	0.00986531371603149	300	0.8047218260147538	0.8046218281380746
atac_imp	any	0.1	0.92	0.6333333333333333	0.2733333333333333	0.21	11.157894736842104	0.13475139125989533	0.11	0.20333333333333334	0.8606434697124101	0.04666666666666667	0.01568929081105472	0.027868673283383872	0.02363006103391908	0.023555243542102446	1.0339713334537848	0.014192535193946643	0.016651051771092783	0.023275928749679643	0.013906853555264264	0.012198043717391773	300	0.8047218260147538	0.8046218281380746
atac_imp	any	0.2	1.0	1.0866666666666667	0.2866666666666667	0.14	6.994736842105263	0.1229699201974847	0.1	0.18333333333333332	0.9216160019743838	0.03333333333333333	0.0	0.024929480622100805	0.020943909448695792	0.020066778149077168	0.5453800177777348	0.01287781809869973	0.014165764939496568	0.022377292466572503	0.009212344715769611	0.010381070730216603	300	0.8047218260147538	0.8046218281380746
atac_imp	observed	0.05	0.570446735395189	0.17869415807560138	0.07216494845360824	0.058419243986254296	22.903846153846153	0.03732873456908888	0.020618556701030927	0.0859106529209622	0.6193354431061564	0.27491408934707906	0.029068127910975426	0.022496172543825393	0.014394002155426112	0.013772340586683753	3.691257824282634	0.0067274391195714595	0.008344610447426593	0.016455793721954104	0.02311455131207312	0.026217678480667837	291	0.8048692967734542	0.804646054711127
atac_imp	observed	0.1	0.9553264604810997	0.6632302405498282	0.29037800687285226	0.24054982817869416	14.744791666666666	0.13597980212300914	0.12199312714776632	0.19243986254295534	0.87482856770552	0.41580756013745707	0.012131153168279337	0.028176092874421178	0.02499272519329016	0.02509881219485777	1.4261229806299884	0.016201308864733168	0.018671115288337013	0.023149198380952692	0.013634965724684324	0.028941774667960624	291	0.8048692967734542	0.804646054711127
atac_imp	observed	0.2	0.9965635738831615	1.0721649484536082	0.32989690721649484	0.2611683848797251	6.446366782006921	0.15762461722241927	0.14604810996563575	0.1958762886597938	0.9360275667385586	0.4261168384879725	0.0034364261168384883	0.01668189945519625	0.025373124300105923	0.025794911260987315	0.431482810734402	0.017185646285157723	0.0193332869537203	0.02330522867192142	0.007966080603643738	0.029038694663178936	291	0.8048692967734542	0.804646054711127
atac_imp	untyped	0.05	0.5766666666666667	0.14666666666666667	0.043333333333333335	0.043333333333333335	24.568181818181817	0.04929461031767798	0.03	0.08666666666666667	0.6000658075655027	0.043333333333333335	0.028573804116352318	0.020459238826580572	0.011774860635912812	0.011774860635912812	5.556589304702477	0.008195945717360969	0.00986531371603149	0.016270657623983987	0.02446485511964936	0.01177486063591281	300	0.8047218260147538	0.8046218281380746
atac_imp	untyped	0.1	0.9566666666666667	0.6466666666666666	0.26166666666666666	0.20666666666666667	12.314432989690722	0.11684154129564019	0.09	0.16	0.8903416050352132	0.03333333333333333	0.011774860635912812	0.02764374949090691	0.02354084348064035	0.02341679610131769	1.3822168662320788	0.013229174438722497	0.015507037996495304	0.021201375610068258	0.012025385475222096	0.010381070730216603	300	0.8047218260147538	0.8046218281380746
atac_imp	untyped	0.2	1.0	0.99	0.43666666666666665	0.43666666666666665	4.787878787878788	0.24762844161556163	0.24	0.25333333333333335	0.9458265860480143	0.013333333333333334	0.0	0.005754160919975785	0.028682840061780176	0.028682840061780176	0.40336587156127873	0.021970042262196555	0.02469885513168684	0.025152082937711873	0.007430129413366152	0.006633137535414969	300	0.8047218260147538	0.8046218281380746
gex_imp	any	0.05	0.46	0.043333333333333335	0.008333333333333333	0.006666666666666667	15.23076923076923	0.016278119968059765	0.008333333333333333	0.03666666666666667	0.5254850329559424	0.06333333333333334	0.02882306768491568	0.01177486063591281	0.004985113476451214	0.004706155586970108	8.395018246611901	0.0037282940590735916	0.004985113476451213	0.010868970626620929	0.024116964475379365	0.01408552736005211	300	0.6224144595526321	0.61852411547147
gex_imp	any	0.1	0.8733333333333333	0.3433333333333333	0.09	0.07333333333333333	5.054455445544554	0.10250883752962114	0.095	0.15	0.7683219728654758	0.1	0.01923470788354457	0.028259954820401494	0.015685737580160765	0.015075679272821343	0.4925133053486937	0.013483333710101247	0.016200561532858454	0.02064997347897266	0.01854340055605698	0.017349447958987206	300	0.6224144595526321	0.61852411547147
gex_imp	any	0.2	1.0	0.83	0.15	0.06666666666666667	3.7224669603524227	0.11590702226119286	0.10166666666666667	0.16333333333333333	0.8955333333375942	0.16666666666666666	0.0	0.031023061152953432	0.01694308131537203	0.014425708913821013	0.2936077599703232	0.0129503884391166	0.014418945277168606	0.021378540451223522	0.011422444492923664	0.021552525004661323	300	0.6224144595526321	0.61852411547147
gex_imp	observed	0.05	0.6151202749140894	0.15120274914089346	0.10309278350515463	0.09278350515463918	8.454545454545455	0.07259437478049985	0.05326460481099656	0.10652920962199312	0.6078907267979613	0.2852233676975945	0.028572190621464887	0.021036952528834744	0.017351341229988656	0.0170369503428788	1.562799077661652	0.010916061581644983	0.012845255007159335	0.01811655150249176	0.024167687323163874	0.02651421207818602	291	0.6228088605744072	0.618848337875444
gex_imp	observed	0.1	0.9621993127147767	0.5360824742268041	0.36082474226804123	0.3230240549828179	8.129032258064516	0.2223256231005078	0.18900343642611683	0.2852233676975945	0.8906728247121607	0.6254295532646048	0.011199106387686371	0.029686343504143977	0.027020420374523593	0.027460285736092514	0.941289067782074	0.018417709101034744	0.022469004337129103	0.026514212078186015	0.012773861842338927	0.028422151825149837	291	0.6228088605744072	0.618848337875444
gex_imp	observed	0.2	0.9965635738831615	1.0378006872852235	0.6580756013745704	0.5532646048109966	4.985663082437276	0.3611003254571128	0.34536082474226804	0.4329896907216495	0.9568603274756986	0.8865979381443299	0.0034364261168384883	0.02024386004234812	0.024396622573505382	0.029193934294072965	0.38539019297292976	0.022008263073893135	0.025884343816481734	0.02909613189426293	0.008272381650643102	0.01861979241916894	291	0.6228088605744072	0.618848337875444
gex_imp	untyped	0.05	0.5033333333333333	0.09	0.016666666666666666	0.016666666666666666	5.925925925925926	0.021567019657691276	0.01	0.04	0.5045342841864691	0.04	0.02891510401902553	0.01655031853102111	0.007403535467669016	0.007403535467669016	1.2997106032538994	0.004068115158631341	0.005754160919975786	0.011332611951597255	0.024371133653558554	0.011332611951597255	300	0.6224144595526321	0.61852411547147
gex_imp	untyped	0.1	0.9166666666666666	0.3933333333333333	0.09166666666666666	0.07333333333333333	5.5423728813559325	0.07203507164323833	0.05333333333333334	0.10333333333333333	0.8135960515712045	0.10666666666666667	0.01598378033326607	0.028250090846760858	0.015742197963748268	0.015075679272821343	0.7215203646815804	0.010990310185570909	0.012106304808975918	0.017603545131283895	0.015944276139631872	0.017851944882371792	300	0.6224144595526321	0.61852411547147
gex_imp	untyped	0.2	1.0	0.82	0.22333333333333333	0.22333333333333333	3.041322314049587	0.18385881319793895	0.16666666666666666	0.18333333333333332	0.9215550651360845	0.14666666666666667	0.0	0.02414190674102877	0.024085657867318536	0.024085657867318536	0.18966863515206073	0.019505089952726384	0.021552525004661323	0.0223772924665725	0.00813195530910722	0.020459238826580572	300	0.6224144595526321	0.61852411547147
gex_naive	any	0.05	0.06666666666666667	0.013333333333333334	0.0	0.0	1.75	0.003165351166512537	0.0	0.0033333333333333335	0.2196062611708498	0.46	0.014425708913821013	0.006633137535414968	0.0	0.0	0.47871355387816905	0.0008141939133569411	0.0	0.0033333333333333322	0.019065439275465248	0.028823067684915684	300	0.03394948913354808	0.02723520713908155
gex_naive	any	0.1	0.25	0.14666666666666667	0.013333333333333334	0.013333333333333334	2.25	0.021672351657757438	0.02	0.023333333333333334	0.3180916116677999	0.57	0.025041771123531665	0.020459238826580572	0.006633137535414968	0.006633137535414968	0.2722644063713511	0.00750264705503364	0.008096409047527361	0.008730235947285765	0.022345542424534248	0.02863096997084751	300	0.03394948913354808	0.02723520713908155
gex_naive	any	0.2	0.47	0.39	0.01	0.0	1.8796296296296295	0.010714307440631194	0.01	0.016666666666666666	0.3778760324884996	0.7333333333333333	0.028863651326417043	0.03156455401608129	0.0040482045237636806	0.0	0.14439306894034723	0.0034573263521624205	0.004048204523763681	0.007403535467669016	0.02168145902110085	0.025574048533225716	300	0.03394948913354808	0.02723520713908155
gex_naive	observed	0.05	0.3539518900343643	0.1958762886597938	0.0979381443298969	0.08247422680412371	3.192982456140351	0.18223842216936567	0.1323024054982818	0.18556701030927836	0.6719907089231973	0.8316151202749141	0.028080546068436872	0.02330522867192142	0.016672743134480528	0.016153597732840613	0.341783796010073	0.01519143635731201	0.019059643877733245	0.022828588775854815	0.023559616358548745	0.021974233500817796	291	0.034982586328614736	0.0291073325739193
gex_naive	observed	0.1	0.8041237113402062	0.5532646048109966	0.2508591065292096	0.20618556701030927	3.0253164556962027	0.27687639707333767	0.23367697594501718	0.32989690721649484	0.8905827787521189	0.9621993127147767	0.02330522867192142	0.030387238620011442	0.023895753874805095	0.02375689220988784	0.30873224387931375	0.019357905265263584	0.02362712616041268	0.027609652099463353	0.013124097863658674	0.01119910638768637	291	0.034982586328614736	0.0291073325739193
gex_naive	observed	0.2	0.9828178694158075	0.9518900343642611	0.3865979381443299	0.31958762886597936	1.8333333333333333	0.37313594089726126	0.32646048109965636	0.3711340206185567	0.9060633998771974	0.9862542955326461	0.007630904717180679	0.027393474096013004	0.026498849534409365	0.02738306652318372	0.09218326861041126	0.022770767821974087	0.025525930043395352	0.028369091932889987	0.01196441534708405	0.006837210581670266	291	0.034982586328614736	0.0291073325739193
gex_naive	untyped	0.05	0.07666666666666666	0.056666666666666664	0.0	0.0	2.176470588235294	0.0	0.0	0.0	0.18576583007602057	0.48333333333333334	0.015386751988387175	0.01337090581297255	0.0	0.0	0.3347001963747366	0.0	0.0	0.0	0.01830880960616601	0.028899677829858923	300	0.03394948913354808	0.02723520713908155
gex_naive	untyped	0.1	0.27	0.17666666666666667	0.0	0.0	2.2264150943396226	0.0	0.0	0.0	0.27293006198160524	0.58	0.02567483835226067	0.022056142680706676	0.0	0.0	0.2231869533260196	0.0	0.0	0.0	0.02075845618503691	0.028543225449544855	300	0.03394948913354808	0.02723520713908155
gex_naive	untyped	0.2	0.36	0.32666666666666666	0.0	0.0	1.5674157303370786	0.0	0.0	0.0	0.2848236567464672	0.67	0.02775911673437953	0.0313193118369924	0.0	0.0	0.09255723570723275	0.0	0.0	0.0	0.02037287302036595	0.027193103591593656	300	0.03394948913354808	0.02723520713908155
multiome_imp	any	0.05	0.5166666666666667	0.1	0.045	0.02666666666666667	25.8	0.022604040165086794	0.011666666666666667	0.05333333333333334	0.5707701165743796	0.03333333333333333	0.028899677829858923	0.017349447958987203	0.010633501255038912	0.00931707454688573	5.9343922598908865	0.004498359313157857	0.004962699964005356	0.012994581954164896	0.023800824798450165	0.010381070730216603	300	0.8126342144725107	0.810590278303176
multiome_imp	any	0.1	0.93	0.63	0.2783333333333333	0.22333333333333333	10.788359788359788	0.13883813918879193	0.12333333333333334	0.21333333333333335	0.8774418949328943	0.06333333333333334	0.014755532945588958	0.027921294063982024	0.024079292710148963	0.024085657867318536	0.9235302953605135	0.014950908434347043	0.017960897285199406	0.023691313496540845	0.01309837717184469	0.01408552736005211	300	0.8126342144725107	0.810590278303176
multiome_imp	any	0.2	1.0	1.1166666666666667	0.305	0.17333333333333334	8.156140350877193	0.14985121043604588	0.12833333333333333	0.23	0.9383081821354387	0.06666666666666667	0.0	0.026059845940064916	0.022108100685993563	0.021891255175071542	0.8795356289482529	0.01456584852109878	0.016462235647898546	0.024337372337779033	0.008247124431073193	0.014425708913821013	300	0.8126342144725107	0.810590278303176
multiome_imp	observed	0.05	0.5807560137457045	0.2027491408934708	0.15979381443298968	0.14432989690721648	25.338983050847457	0.056500489468667044	0.03436426116838488	0.08934707903780069	0.6219869675956844	0.2852233676975945	0.02897552274045157	0.023609022731708135	0.020887860897978637	0.020636323664001047	3.702212377368034	0.009083187152804588	0.010696979709524832	0.01675010844074148	0.024038154473111393	0.02651421207818602	291	0.8130142831240673	0.810939553157856
multiome_imp	observed	0.1	0.9621993127147767	0.7010309278350515	0.5051546391752577	0.4329896907216495	18.029556650246306	0.18068598651460133	0.14948453608247422	0.24054982817869416	0.9014132444457629	0.5189003436426117	0.01119910638768637	0.027320537827761036	0.027157964188350984	0.02909613189426293	1.6732546346950232	0.01683367043543606	0.020145054816588737	0.025098812194857767	0.011069263263873119	0.02934002662071232	291	0.8130142831240673	0.810939553157856
multiome_imp	observed	0.2	0.9965635738831615	1.092783505154639	0.6443298969072165	0.5429553264604811	7.731833910034602	0.2779896994074528	0.25601374570446733	0.35738831615120276	0.9550476672396468	0.6666666666666666	0.0034364261168384883	0.01837543626441637	0.024808340896824405	0.029252458778393876	0.5483349539669803	0.01975700415368396	0.023768887611919497	0.02814138611576531	0.0075999795102872645	0.027681826617913324	291	0.8130142831240673	0.810939553157856
multiome_imp	untyped	0.05	0.5666666666666667	0.16	0.06	0.06	19.666666666666668	0.0516101322294101	0.03	0.09666666666666666	0.5880008001039321	0.03666666666666667	0.028657565120703166	0.021201375610068258	0.013734218672418391	0.013734218672418391	4.149824115444569	0.008292707939595653	0.00986531371603149	0.017089399227609183	0.024639494733449948	0.010868970626620929	300	0.8126342144725107	0.810590278303176
multiome_imp	untyped	0.1	0.95	0.6666666666666666	0.27	0.21333333333333335	13.37	0.1327499670141021	0.12166666666666667	0.21	0.8967377926881337	0.03666666666666667	0.012604081729907205	0.027262027336984355	0.023757883160397498	0.02369131349654085	1.468245286423739	0.014512253137891742	0.017765086281757558	0.02355524354210245	0.0118308480530112	0.010868970626620929	300	0.8126342144725107	0.810590278303176
multiome_imp	untyped	0.2	1.0	0.9933333333333333	0.43333333333333335	0.43333333333333335	4.826013513513513	0.2529488960575174	0.25	0.26	0.9412825441147693	0.06	0.0	0.008169515804508788	0.028657565120703166	0.028657565120703166	0.362751006119866	0.022329441712019317	0.025041771123531665	0.025366873297069253	0.008184356374932476	0.013734218672418391	300	0.8126342144725107	0.810590278303176
truth	any	0.05	0.41333333333333333	0.18333333333333332	0.11333333333333333	0.07	72.12727272727273	0.03974031869596797	0.013333333333333334	0.13666666666666666	0.5841952142033954	0.05	0.028478055207315906	0.022377292466572503	0.01623636265655348	0.014755532945588958	13.299959609706892	0.005845708391468894	0.006198739997355296	0.019864834973508133	0.02374171645093751	0.012604081729907204	300	1.0	1.0
truth	any	0.1	0.93	0.81	0.6716666666666666	0.5466666666666666	27.4238683127572	0.19815595314384327	0.15333333333333332	0.3466666666666667	0.8811052515445474	0.04	0.014755532945588958	0.022687347113832967	0.022989786561405517	0.02878952697804311	2.5504578505609756	0.01594634859919319	0.019453705921979186	0.027522498482247464	0.013984926389032986	0.011332611951597255	300	1.0	1.0
truth	any	0.2	1.0	1.25	0.7616666666666667	0.56	28.402356902356903	0.19768518164634072	0.13166666666666665	0.35333333333333333	0.9320732597454232	0.043333333333333335	0.0	0.02717669996857081	0.016428340613864747	0.028706798281217784	2.532155495184807	0.012732235118928896	0.015855101506314872	0.027643749490906915	0.010784597113040115	0.011774860635912812	300	1.0	1.0
truth	observed	0.05	0.5051546391752577	0.31958762886597936	0.281786941580756	0.2542955326460481	59.354838709677416	0.049117478592396596	0.024054982817869417	0.07216494845360824	0.5944536027511413	0.26804123711340205	0.029359450672241275	0.02738306652318372	0.02550438479325938	0.025571354846734725	6.401675599546969	0.00827248884398312	0.008997382879923249	0.015194959312593325	0.02361927247376502	0.026010285254777454	291	1.0	1.0
truth	observed	0.1	0.9553264604810997	0.7972508591065293	0.6580756013745704	0.570446735395189	44.791304347826085	0.16906139338739545	0.12027491408934708	0.24742268041237114	0.8821543679279228	0.436426116838488	0.012131153168279337	0.024592375551544865	0.024996390860887622	0.029068127910975426	3.7283543571433952	0.015967307577954976	0.018470480353000765	0.025339399445155245	0.013005086082965162	0.02912271073612284	291	1.0	1.0
truth	observed	0.2	0.9965635738831615	1.0996563573883162	0.8573883161512027	0.7731958762886598	28.55363321799308	0.24167120846379736	0.18556701030927836	0.3539518900343643	0.9423070257435698	0.5051546391752577	0.0034364261168384883	0.018889029135504533	0.016627498157895416	0.024590719666578404	2.4338430746927635	0.017213822859148104	0.02121428749956546	0.028080546068436872	0.009675696582956304	0.029359450672241275	291	1.0	1.0
truth	untyped	0.05	0.49	0.2733333333333333	0.24	0.24	51.96341463414634	0.06605703418806638	0.023333333333333334	0.15	0.6078498699677891	0.016666666666666666	0.028909962870561717	0.02577379228278591	0.02469885513168684	0.02469885513168684	7.971389012896473	0.008011184584538084	0.008730235947285765	0.02064997347897266	0.024176207634487655	0.007403535467669016	300	1.0	1.0
truth	untyped	0.1	0.9566666666666667	0.8433333333333334	0.685	0.5566666666666666	38.74007936507937	0.17694241958482826	0.10833333333333334	0.30333333333333334	0.9162607568438071	0.023333333333333334	0.011774860635912812	0.021544764698553022	0.022517799227528473	0.028729443073160024	3.5714142086566594	0.01474187363005805	0.017099996631613382	0.02658501993650098	0.010447552689590125	0.008730235947285765	300	1.0	1.0
truth	untyped	0.2	1.0	1.0033333333333334	0.9766666666666667	0.9766666666666667	19.461666666666666	0.3416457092302004	0.2733333333333333	0.37666666666666665	0.9559590263257534	0.02	0.0	0.0033333333333333327	0.008730235947285765	0.008730235947285765	2.049467149844222	0.02111965761318011	0.02577379228278591	0.02802226115126559	0.008933761422190642	0.008096409047527363	300	1.0	1.0
