mod	arm	depth	n_typed	r2_imputed
atac	glimpse2	depth0	1612454.0	0.8519566415670958
atac	glimpse2	depth1-2	6625626.0	0.8873261526978522
atac	glimpse2	depth3-5	7667116.0	0.9224630903185509
atac	glimpse2	depth6-10	5043970.0	0.949320346291522
atac	glimpse2	depth>10	5575050.0	0.9371413160662477
atac	mm4_all	depth0	1590457.0	0.5788962012885925
atac	mm4_all	depth1-2	6585524.0	0.7093410845239949
atac	mm4_all	depth3-5	7613337.0	0.8044815690360455
atac	mm4_all	depth6-10	4916908.0	0.892910967469419
atac	mm4_all	depth>10	4978902.0	0.9707254149392335
atac	mm4_server	depth0	200051.0	0.6097613736047848
atac	mm4_server	depth1-2	3276417.0	0.7292811836521417
atac	mm4_server	depth3-5	5744371.0	0.8175091388084721
atac	mm4_server	depth6-10	4697630.0	0.8978284943775372
atac	mm4_server	depth>10	4974163.0	0.9731161728709525
gex	glimpse2	depth0	1715179.0	0.9158215539315411
gex	glimpse2	depth1-2	5668169.0	0.9365589760979502
gex	glimpse2	depth3-5	4310196.0	0.9481871319920978
gex	glimpse2	depth6-10	1936254.0	0.9457725862072655
gex	glimpse2	depth>10	1838689.0	0.9179217706310018
gex	mm4_all	depth0	1694568.0	0.623448070822248
gex	mm4_all	depth1-2	5617567.0	0.7230050022679686
gex	mm4_all	depth3-5	4282511.0	0.8058031148463296
gex	mm4_all	depth6-10	1901173.0	0.8742543259885394
gex	mm4_all	depth>10	1639941.0	0.9432559783344616
gex	mm4_server	depth0	48960.0	0.6833074244078315
gex	mm4_server	depth1-2	1256515.0	0.7886568137196271
gex	mm4_server	depth3-5	2045779.0	0.844858574061622
gex	mm4_server	depth6-10	1584900.0	0.8871401825511751
gex	mm4_server	depth>10	1623185.0	0.9515098595873919
