run	mod	arm	n_chrom	typed_per_donor	r2_naive	r2_typed	r2_untyped_maf5	conc_imputed_called
ambisim_final__EUR_only__greedy_maxmin__rep1__atac	atac	glimpse2	22	321725.0	0.7310800775563258	0.9252991914389328	0.7422964827955292	0.9612971932537115
ambisim_final__EUR_only__greedy_maxmin__rep1__atac	atac	mm4_all	22	303994.0	0.7491853677787108	0.8812139115175442	0.6713012348531545	0.9253667705524516
ambisim_final__EUR_only__greedy_maxmin__rep1__atac	atac	mm4_server	22	274084.0	0.7673511395083993	0.8946813330021826	0.6729931482254623	0.9316071897666409
ambisim_final__EUR_only__greedy_maxmin__rep1__gex	gex	glimpse2	22	189860.0	0.7213746913222946	0.9456780089242611	0.555339767969196	0.9731069137611161
ambisim_final__EUR_only__greedy_maxmin__rep1__gex	gex	mm4_all	22	183545.0	0.7338843394693825	0.8678919486768818	0.48811798133915074	0.9145794006962318
ambisim_final__EUR_only__greedy_maxmin__rep1__gex	gex	mm4_server	22	138177.0	0.7549729420471839	0.8885670809381736	0.49102112794265784	0.9246482772096659
ambisim_final__EUR_only__random__rep1__atac	atac	glimpse2	22	319696.0	0.7237118383219725	0.9230654955690947	0.7514853235723963	0.9616994554238695
ambisim_final__EUR_only__random__rep1__atac	atac	mm4_all	22	301359.0	0.7440388467923873	0.8801913877910649	0.6802610157344716	0.9252798482704406
ambisim_final__EUR_only__random__rep1__atac	atac	mm4_server	22	271659.0	0.7626894164136445	0.8936330946495097	0.6815856218995275	0.9313325713486393
ambisim_final__EUR_only__random__rep1__gex	gex	glimpse2	22	187535.0	0.7186125797602833	0.9447025596713656	0.5656848818568918	0.9729546649341546
ambisim_final__EUR_only__random__rep1__gex	gex	mm4_all	22	180948.0	0.7298620277639686	0.8671648181539282	0.49958555509799657	0.9148297853229138
ambisim_final__EUR_only__random__rep1__gex	gex	mm4_server	22	136813.0	0.7508036008493535	0.8876152457422193	0.4993350050219878	0.9245987223436369
ambisim_n16__EUR_only__greedy_maxmin__n16_rep1__atac	atac	glimpse2	22	334284.0	0.6625814242441339	0.9162823411542143	0.7413824679127503	0.9492659997044457
ambisim_n16__EUR_only__greedy_maxmin__n16_rep1__atac	atac	mm4_all	22	325734.0	0.6656162969795475	0.7924496285690075	0.6088298639294324	0.8776680999403517
ambisim_n16__EUR_only__greedy_maxmin__n16_rep1__atac	atac	mm4_server	22	227231.0	0.7220959473928272	0.8457484764025843	0.6178430068665344	0.9027178401752217
ambisim_n16__EUR_only__greedy_maxmin__n16_rep1__gex	gex	glimpse2	22	197458.0	0.6711012221573934	0.9408445779989837	0.561965661526943	0.9660457700314731
ambisim_n16__EUR_only__greedy_maxmin__n16_rep1__gex	gex	mm4_all	22	194123.0	0.6728501449812399	0.7632621061449615	0.4519578818206157	0.8589404575262044
ambisim_n16__EUR_only__greedy_maxmin__n16_rep1__gex	gex	mm4_server	22	78165.0	0.7447661582623804	0.8573148102870928	0.45927608170203665	0.9119799618048395
ambisim_n16__EUR_only__greedy_maxmin__n16_rep2__atac	atac	glimpse2	22	335316.0	0.6617847219614783	0.9169036587173456	0.7447055016587066	0.9494682998786671
ambisim_n16__EUR_only__greedy_maxmin__n16_rep2__atac	atac	mm4_all	22	326902.0	0.6652348206279017	0.7921597171636003	0.6107923261098499	0.8774834772579289
ambisim_n16__EUR_only__greedy_maxmin__n16_rep2__atac	atac	mm4_server	22	227860.0	0.7215016551677029	0.8461263145075416	0.6199030690477175	0.9028059571188997
ambisim_n16__EUR_only__greedy_maxmin__n16_rep2__gex	gex	glimpse2	22	198165.0	0.6736055144874078	0.9417069284216383	0.5645277247002762	0.9660560994068931
ambisim_n16__EUR_only__greedy_maxmin__n16_rep2__gex	gex	mm4_all	22	194759.0	0.6740964223132371	0.7550884370427828	0.4504832338588232	0.85647460716511
ambisim_n16__EUR_only__greedy_maxmin__n16_rep2__gex	gex	mm4_server	22	74589.0	0.7529102908388121	0.8597142618152234	0.46204005046317653	0.9138849800456758
ambisim_n16__EUR_only__random__n16_rep1__atac	atac	glimpse2	22	333862.0	0.6600831286462414	0.9157748722751984	0.7443292505429022	0.9490535106080298
ambisim_n16__EUR_only__random__n16_rep1__atac	atac	mm4_all	22	325204.0	0.6637295441800325	0.7907079257822633	0.6094176345870741	0.8771108610704575
ambisim_n16__EUR_only__random__n16_rep1__atac	atac	mm4_server	22	226580.0	0.7208786965664461	0.8447318410117306	0.6176102233243197	0.9024988151602382
ambisim_n16__EUR_only__random__n16_rep1__gex	gex	glimpse2	22	197569.0	0.6544707033730423	0.9137442556836883	0.5570514342410209	0.9480219323507082
ambisim_n16__EUR_only__random__n16_rep1__gex	gex	mm4_all	22	193016.0	0.6552466946496017	0.7253974290935608	0.44233420239934274	0.8399560423348192
ambisim_n16__EUR_only__random__n16_rep1__gex	gex	mm4_server	22	49509.0	0.7655338276394741	0.8562317628033503	0.45287306648811293	0.9139402263561507
ambisim_n16__EUR_only__random__n16_rep2__atac	atac	glimpse2	22	333591.0	0.6605681654783505	0.9136537124618446	0.7374426666135737	0.9472598465096362
ambisim_n16__EUR_only__random__n16_rep2__atac	atac	mm4_all	22	324804.0	0.6641436498463383	0.7911968941223959	0.6092527399628703	0.8768838495904396
ambisim_n16__EUR_only__random__n16_rep2__atac	atac	mm4_server	22	226247.0	0.7212739338718198	0.8446294054408329	0.6164349017818276	0.9018119714475867
ambisim_n16__EUR_only__random__n16_rep2__gex	gex	glimpse2	22	197239.0	0.6730138916264226	0.939140614954022	0.5613003772172978	0.9651689074871116
ambisim_n16__EUR_only__random__n16_rep2__gex	gex	mm4_all	22	193904.0	0.6735767803624925	0.7522477489772935	0.4516232497182158	0.8549940406639344
ambisim_n16__EUR_only__random__n16_rep2__gex	gex	mm4_server	22	73295.0	0.749799475497572	0.8553067258112074	0.4589114032657792	0.9129105889002413
