donor	r2_naive	r2_typed	r2_untyped	n_typed	run
HG00106	0.7175	0.9255	0.7559	321725.0	ambisim_final__EUR_only__greedy_maxmin__rep1__atac
HG01501	0.7338	0.9268	0.7418	321725.0	ambisim_final__EUR_only__greedy_maxmin__rep1__atac
HG01628	0.7358	0.9254	0.7372	321725.0	ambisim_final__EUR_only__greedy_maxmin__rep1__atac
HG01669	0.7347	0.9256	0.7445	321725.0	ambisim_final__EUR_only__greedy_maxmin__rep1__atac
HG01679	0.7311	0.9271	0.7469	321725.0	ambisim_final__EUR_only__greedy_maxmin__rep1__atac
HG01694	0.7229	0.9214	0.7328	321725.0	ambisim_final__EUR_only__greedy_maxmin__rep1__atac
NA20585	0.7333	0.9231	0.7374	321725.0	ambisim_final__EUR_only__greedy_maxmin__rep1__atac
NA20762	0.7396	0.9275	0.7418	321725.0	ambisim_final__EUR_only__greedy_maxmin__rep1__atac
HG00106	0.7212	0.948	0.5734	189860.0	ambisim_final__EUR_only__greedy_maxmin__rep1__gex
HG01501	0.7072	0.9441	0.5572	189860.0	ambisim_final__EUR_only__greedy_maxmin__rep1__gex
HG01628	0.7234	0.9442	0.5469	189860.0	ambisim_final__EUR_only__greedy_maxmin__rep1__gex
HG01669	0.7245	0.9473	0.5602	189860.0	ambisim_final__EUR_only__greedy_maxmin__rep1__gex
HG01679	0.7271	0.9467	0.5581	189860.0	ambisim_final__EUR_only__greedy_maxmin__rep1__gex
HG01694	0.7211	0.9449	0.5468	189860.0	ambisim_final__EUR_only__greedy_maxmin__rep1__gex
NA20585	0.7335	0.9463	0.5508	189860.0	ambisim_final__EUR_only__greedy_maxmin__rep1__gex
NA20762	0.713	0.9439	0.5494	189860.0	ambisim_final__EUR_only__greedy_maxmin__rep1__gex
HG00106	0.7207	0.924	0.7541	319696.0	ambisim_final__EUR_only__random__rep1__atac
HG00109	0.7298	0.9264	0.7645	319696.0	ambisim_final__EUR_only__random__rep1__atac
HG00174	0.721	0.9265	0.7667	319696.0	ambisim_final__EUR_only__random__rep1__atac
HG01672	0.717	0.9197	0.742	319696.0	ambisim_final__EUR_only__random__rep1__atac
HG01781	0.7308	0.9229	0.7452	319696.0	ambisim_final__EUR_only__random__rep1__atac
NA11993	0.7303	0.9247	0.7513	319696.0	ambisim_final__EUR_only__random__rep1__atac
NA12004	0.7285	0.9235	0.7507	319696.0	ambisim_final__EUR_only__random__rep1__atac
NA20803	0.7117	0.9168	0.7373	319696.0	ambisim_final__EUR_only__random__rep1__atac
HG00106	0.7223	0.9462	0.5697	187535.0	ambisim_final__EUR_only__random__rep1__gex
HG00109	0.72	0.9469	0.5751	187535.0	ambisim_final__EUR_only__random__rep1__gex
HG00174	0.7175	0.9465	0.5798	187535.0	ambisim_final__EUR_only__random__rep1__gex
HG01672	0.721	0.9452	0.5545	187535.0	ambisim_final__EUR_only__random__rep1__gex
HG01781	0.7131	0.9419	0.5603	187535.0	ambisim_final__EUR_only__random__rep1__gex
NA11993	0.7105	0.9432	0.5662	187535.0	ambisim_final__EUR_only__random__rep1__gex
NA12004	0.7289	0.9456	0.5622	187535.0	ambisim_final__EUR_only__random__rep1__gex
NA20803	0.7157	0.9421	0.5578	187535.0	ambisim_final__EUR_only__random__rep1__gex
HG00096	0.6661	0.9196	0.7487	334284.0	ambisim_n16__EUR_only__greedy_maxmin__n16_rep1__atac
HG00108	0.6662	0.9211	0.7503	334284.0	ambisim_n16__EUR_only__greedy_maxmin__n16_rep1__atac
HG00109	0.6648	0.92	0.7504	334284.0	ambisim_n16__EUR_only__greedy_maxmin__n16_rep1__atac
HG00117	0.6567	0.912	0.7359	334284.0	ambisim_n16__EUR_only__greedy_maxmin__n16_rep1__atac
HG00138	0.6538	0.9113	0.7354	334284.0	ambisim_n16__EUR_only__greedy_maxmin__n16_rep1__atac
HG00143	0.6498	0.9109	0.7388	334284.0	ambisim_n16__EUR_only__greedy_maxmin__n16_rep1__atac
HG00338	0.6681	0.9284	0.7642	334284.0	ambisim_n16__EUR_only__greedy_maxmin__n16_rep1__atac
HG00358	0.6608	0.9302	0.7776	334284.0	ambisim_n16__EUR_only__greedy_maxmin__n16_rep1__atac
HG01612	0.6579	0.909	0.7305	334284.0	ambisim_n16__EUR_only__greedy_maxmin__n16_rep1__atac
HG01624	0.6681	0.9153	0.7336	334284.0	ambisim_n16__EUR_only__greedy_maxmin__n16_rep1__atac
HG01628	0.6644	0.911	0.7199	334284.0	ambisim_n16__EUR_only__greedy_maxmin__n16_rep1__atac
HG01704	0.6482	0.9036	0.7252	334284.0	ambisim_n16__EUR_only__greedy_maxmin__n16_rep1__atac
NA11994	0.6679	0.9191	0.7424	334284.0	ambisim_n16__EUR_only__greedy_maxmin__n16_rep1__atac
NA12005	0.6705	0.9187	0.7431	334284.0	ambisim_n16__EUR_only__greedy_maxmin__n16_rep1__atac
NA12873	0.6629	0.9154	0.7387	334284.0	ambisim_n16__EUR_only__greedy_maxmin__n16_rep1__atac
NA20585	0.6751	0.9148	0.7273	334284.0	ambisim_n16__EUR_only__greedy_maxmin__n16_rep1__atac
HG00096	0.6606	0.9407	0.5705	197458.0	ambisim_n16__EUR_only__greedy_maxmin__n16_rep1__gex
HG00108	0.6734	0.9434	0.5742	197458.0	ambisim_n16__EUR_only__greedy_maxmin__n16_rep1__gex
HG00109	0.6724	0.943	0.5696	197458.0	ambisim_n16__EUR_only__greedy_maxmin__n16_rep1__gex
HG00117	0.6716	0.9394	0.5597	197458.0	ambisim_n16__EUR_only__greedy_maxmin__n16_rep1__gex
HG00138	0.6716	0.9421	0.5605	197458.0	ambisim_n16__EUR_only__greedy_maxmin__n16_rep1__gex
HG00143	0.6592	0.9401	0.5633	197458.0	ambisim_n16__EUR_only__greedy_maxmin__n16_rep1__gex
HG00338	0.6732	0.9442	0.5744	197458.0	ambisim_n16__EUR_only__greedy_maxmin__n16_rep1__gex
HG00358	0.6838	0.9479	0.591	197458.0	ambisim_n16__EUR_only__greedy_maxmin__n16_rep1__gex
HG01612	0.6727	0.9388	0.5571	197458.0	ambisim_n16__EUR_only__greedy_maxmin__n16_rep1__gex
HG01624	0.6574	0.9351	0.5539	197458.0	ambisim_n16__EUR_only__greedy_maxmin__n16_rep1__gex
HG01628	0.6694	0.9364	0.5453	197458.0	ambisim_n16__EUR_only__greedy_maxmin__n16_rep1__gex
HG01704	0.6596	0.9348	0.5484	197458.0	ambisim_n16__EUR_only__greedy_maxmin__n16_rep1__gex
NA11994	0.6712	0.9413	0.5572	197458.0	ambisim_n16__EUR_only__greedy_maxmin__n16_rep1__gex
NA12005	0.6777	0.9423	0.561	197458.0	ambisim_n16__EUR_only__greedy_maxmin__n16_rep1__gex
NA12873	0.6772	0.9424	0.5582	197458.0	ambisim_n16__EUR_only__greedy_maxmin__n16_rep1__gex
NA20585	0.6864	0.9416	0.5474	197458.0	ambisim_n16__EUR_only__greedy_maxmin__n16_rep1__gex
HG00138	0.6706	0.9194	0.745	335316.0	ambisim_n16__EUR_only__greedy_maxmin__n16_rep2__atac
HG00182	0.6489	0.9212	0.7642	335316.0	ambisim_n16__EUR_only__greedy_maxmin__n16_rep2__atac
HG00183	0.6706	0.9298	0.7749	335316.0	ambisim_n16__EUR_only__greedy_maxmin__n16_rep2__atac
HG00325	0.654	0.9232	0.7689	335316.0	ambisim_n16__EUR_only__greedy_maxmin__n16_rep2__atac
HG00338	0.6661	0.927	0.7655	335316.0	ambisim_n16__EUR_only__greedy_maxmin__n16_rep2__atac
HG00358	0.6609	0.9282	0.7762	335316.0	ambisim_n16__EUR_only__greedy_maxmin__n16_rep2__atac
HG01624	0.6573	0.9109	0.7321	335316.0	ambisim_n16__EUR_only__greedy_maxmin__n16_rep2__atac
HG01628	0.6663	0.9128	0.7227	335316.0	ambisim_n16__EUR_only__greedy_maxmin__n16_rep2__atac
HG01632	0.6643	0.9116	0.7338	335316.0	ambisim_n16__EUR_only__greedy_maxmin__n16_rep2__atac
HG01771	0.6494	0.9095	0.7342	335316.0	ambisim_n16__EUR_only__greedy_maxmin__n16_rep2__atac
HG02233	0.6648	0.9118	0.7313	335316.0	ambisim_n16__EUR_only__greedy_maxmin__n16_rep2__atac
NA07056	0.6705	0.9215	0.751	335316.0	ambisim_n16__EUR_only__greedy_maxmin__n16_rep2__atac
NA11917	0.6612	0.9159	0.7358	335316.0	ambisim_n16__EUR_only__greedy_maxmin__n16_rep2__atac
NA20527	0.6651	0.911	0.7267	335316.0	ambisim_n16__EUR_only__greedy_maxmin__n16_rep2__atac
NA20772	0.6709	0.9132	0.7295	335316.0	ambisim_n16__EUR_only__greedy_maxmin__n16_rep2__atac
NA20792	0.6476	0.9035	0.7236	335316.0	ambisim_n16__EUR_only__greedy_maxmin__n16_rep2__atac
HG00138	0.6746	0.94	0.5616	198165.0	ambisim_n16__EUR_only__greedy_maxmin__n16_rep2__gex
HG00182	0.6745	0.9446	0.5744	198165.0	ambisim_n16__EUR_only__greedy_maxmin__n16_rep2__gex
HG00183	0.6786	0.9467	0.582	198165.0	ambisim_n16__EUR_only__greedy_maxmin__n16_rep2__gex
HG00325	0.6706	0.9462	0.5853	198165.0	ambisim_n16__EUR_only__greedy_maxmin__n16_rep2__gex
HG00338	0.6735	0.9462	0.5761	198165.0	ambisim_n16__EUR_only__greedy_maxmin__n16_rep2__gex
HG00358	0.687	0.9486	0.5922	198165.0	ambisim_n16__EUR_only__greedy_maxmin__n16_rep2__gex
HG01624	0.6655	0.9405	0.5577	198165.0	ambisim_n16__EUR_only__greedy_maxmin__n16_rep2__gex
HG01628	0.6725	0.9368	0.5415	198165.0	ambisim_n16__EUR_only__greedy_maxmin__n16_rep2__gex
HG01632	0.6748	0.9409	0.5516	198165.0	ambisim_n16__EUR_only__greedy_maxmin__n16_rep2__gex
HG01771	0.6681	0.9403	0.5595	198165.0	ambisim_n16__EUR_only__greedy_maxmin__n16_rep2__gex
HG02233	0.6683	0.939	0.5585	198165.0	ambisim_n16__EUR_only__greedy_maxmin__n16_rep2__gex
NA07056	0.6753	0.9435	0.5673	198165.0	ambisim_n16__EUR_only__greedy_maxmin__n16_rep2__gex
NA11917	0.6766	0.9416	0.5586	198165.0	ambisim_n16__EUR_only__greedy_maxmin__n16_rep2__gex
NA20527	0.6762	0.9393	0.557	198165.0	ambisim_n16__EUR_only__greedy_maxmin__n16_rep2__gex
NA20772	0.6818	0.9396	0.5567	198165.0	ambisim_n16__EUR_only__greedy_maxmin__n16_rep2__gex
NA20792	0.6599	0.9333	0.5524	198165.0	ambisim_n16__EUR_only__greedy_maxmin__n16_rep2__gex
HG00237	0.669	0.9179	0.744	333862.0	ambisim_n16__EUR_only__random__n16_rep1__atac
HG00353	0.6522	0.9201	0.7618	333862.0	ambisim_n16__EUR_only__random__n16_rep1__atac
HG00362	0.6477	0.9182	0.758	333862.0	ambisim_n16__EUR_only__random__n16_rep1__atac
HG00384	0.6725	0.9274	0.7664	333862.0	ambisim_n16__EUR_only__random__n16_rep1__atac
HG01527	0.642	0.9006	0.72	333862.0	ambisim_n16__EUR_only__random__n16_rep1__atac
HG01697	0.6641	0.913	0.7296	333862.0	ambisim_n16__EUR_only__random__n16_rep1__atac
NA11829	0.6595	0.9144	0.7411	333862.0	ambisim_n16__EUR_only__random__n16_rep1__atac
NA12146	0.6632	0.9172	0.7454	333862.0	ambisim_n16__EUR_only__random__n16_rep1__atac
NA12287	0.6573	0.913	0.7408	333862.0	ambisim_n16__EUR_only__random__n16_rep1__atac
NA12813	0.6616	0.9368	0.8069	333862.0	ambisim_n16__EUR_only__random__n16_rep1__atac
NA12873	0.6658	0.9163	0.7414	333862.0	ambisim_n16__EUR_only__random__n16_rep1__atac
NA12890	0.6629	0.9179	0.7447	333862.0	ambisim_n16__EUR_only__random__n16_rep1__atac
NA20504	0.6496	0.9033	0.7211	333862.0	ambisim_n16__EUR_only__random__n16_rep1__atac
NA20512	0.6669	0.9132	0.7318	333862.0	ambisim_n16__EUR_only__random__n16_rep1__atac
NA20767	0.665	0.9115	0.7246	333862.0	ambisim_n16__EUR_only__random__n16_rep1__atac
NA20801	0.6623	0.9115	0.7316	333862.0	ambisim_n16__EUR_only__random__n16_rep1__atac
HG00237	0.4334	0.5805	0.4697	197569.0	ambisim_n16__EUR_only__random__n16_rep1__gex
HG00362	0.6727	0.9421	0.5701	197569.0	ambisim_n16__EUR_only__random__n16_rep1__gex
HG00384	0.6751	0.9403	0.5782	197569.0	ambisim_n16__EUR_only__random__n16_rep1__gex
HG01527	0.6608	0.9306	0.5517	197569.0	ambisim_n16__EUR_only__random__n16_rep1__gex
HG01697	0.6742	0.934	0.5495	197569.0	ambisim_n16__EUR_only__random__n16_rep1__gex
NA11829	0.6751	0.9406	0.5691	197569.0	ambisim_n16__EUR_only__random__n16_rep1__gex
NA12146	0.6703	0.939	0.5607	197569.0	ambisim_n16__EUR_only__random__n16_rep1__gex
NA12287	0.6689	0.9354	0.5632	197569.0	ambisim_n16__EUR_only__random__n16_rep1__gex
NA12813	0.6711	0.9476	0.6139	197569.0	ambisim_n16__EUR_only__random__n16_rep1__gex
NA12873	0.6716	0.9371	0.559	197569.0	ambisim_n16__EUR_only__random__n16_rep1__gex
NA12890	0.6707	0.94	0.5632	197569.0	ambisim_n16__EUR_only__random__n16_rep1__gex
NA20504	0.6739	0.9361	0.547	197569.0	ambisim_n16__EUR_only__random__n16_rep1__gex
NA20512	0.6711	0.9344	0.5549	197569.0	ambisim_n16__EUR_only__random__n16_rep1__gex
NA20767	0.6601	0.9342	0.5486	197569.0	ambisim_n16__EUR_only__random__n16_rep1__gex
NA20801	0.668	0.9344	0.5569	197569.0	ambisim_n16__EUR_only__random__n16_rep1__gex
HG00160	0.6698	0.9211	0.7454	333591.0	ambisim_n16__EUR_only__random__n16_rep2__atac
HG00181	0.6497	0.9147	0.747	333591.0	ambisim_n16__EUR_only__random__n16_rep2__atac
HG00238	0.6644	0.9216	0.7531	333591.0	ambisim_n16__EUR_only__random__n16_rep2__atac
HG01503	0.665	0.9137	0.7369	333591.0	ambisim_n16__EUR_only__random__n16_rep2__atac
HG01510	0.667	0.9145	0.7307	333591.0	ambisim_n16__EUR_only__random__n16_rep2__atac
HG01521	0.6611	0.9191	0.7552	333591.0	ambisim_n16__EUR_only__random__n16_rep2__atac
HG01618	0.663	0.9134	0.7335	333591.0	ambisim_n16__EUR_only__random__n16_rep2__atac
NA07345	0.657	0.9136	0.7396	333591.0	ambisim_n16__EUR_only__random__n16_rep2__atac
NA11920	0.6676	0.9185	0.7455	333591.0	ambisim_n16__EUR_only__random__n16_rep2__atac
NA12146	0.6532	0.9114	0.7412	333591.0	ambisim_n16__EUR_only__random__n16_rep2__atac
NA12489	0.6504	0.9095	0.7364	333591.0	ambisim_n16__EUR_only__random__n16_rep2__atac
NA20518	0.6422	0.9053	0.7246	333591.0	ambisim_n16__EUR_only__random__n16_rep2__atac
NA20760	0.6607	0.907	0.7246	333591.0	ambisim_n16__EUR_only__random__n16_rep2__atac
NA20797	0.6697	0.9117	0.724	333591.0	ambisim_n16__EUR_only__random__n16_rep2__atac
NA20806	0.6627	0.9124	0.7326	333591.0	ambisim_n16__EUR_only__random__n16_rep2__atac
NA20807	0.6656	0.9111	0.7286	333591.0	ambisim_n16__EUR_only__random__n16_rep2__atac
HG00160	0.6741	0.9398	0.5647	197239.0	ambisim_n16__EUR_only__random__n16_rep2__gex
HG00181	0.6699	0.9396	0.5691	197239.0	ambisim_n16__EUR_only__random__n16_rep2__gex
HG00238	0.6741	0.9392	0.5672	197239.0	ambisim_n16__EUR_only__random__n16_rep2__gex
HG01503	0.6696	0.9378	0.5589	197239.0	ambisim_n16__EUR_only__random__n16_rep2__gex
HG01510	0.6642	0.9365	0.5606	197239.0	ambisim_n16__EUR_only__random__n16_rep2__gex
HG01521	0.6833	0.9438	0.5721	197239.0	ambisim_n16__EUR_only__random__n16_rep2__gex
HG01618	0.671	0.9392	0.5594	197239.0	ambisim_n16__EUR_only__random__n16_rep2__gex
NA07345	0.6783	0.9416	0.5639	197239.0	ambisim_n16__EUR_only__random__n16_rep2__gex
NA11920	0.6809	0.9392	0.5639	197239.0	ambisim_n16__EUR_only__random__n16_rep2__gex
NA12146	0.6678	0.938	0.5613	197239.0	ambisim_n16__EUR_only__random__n16_rep2__gex
NA12489	0.6704	0.9373	0.5611	197239.0	ambisim_n16__EUR_only__random__n16_rep2__gex
NA20518	0.6602	0.9355	0.5545	197239.0	ambisim_n16__EUR_only__random__n16_rep2__gex
NA20760	0.6713	0.9393	0.5558	197239.0	ambisim_n16__EUR_only__random__n16_rep2__gex
NA20797	0.6767	0.9397	0.5565	197239.0	ambisim_n16__EUR_only__random__n16_rep2__gex
NA20806	0.6817	0.9409	0.5541	197239.0	ambisim_n16__EUR_only__random__n16_rep2__gex
NA20807	0.6746	0.9388	0.5578	197239.0	ambisim_n16__EUR_only__random__n16_rep2__gex
