cell_type	sig_rows	egenes	leads	lead_typed_frac	leads_round1	leads_round2	leads_round3	leads_round4	leads_round5
bin	312273	1137	1834	0.08287895310796074	1137	292	158	129	118
bmem	248439	885	1430	0.09230769230769231	885	224	126	105	90
cd4et	218513	1085	1663	0.08117859290438965	1085	263	126	102	87
cd4nc	796571	4273	6473	0.08002471805963232	4273	1279	465	256	200
cd4sox4	231356	155	401	0.1596009975062344	155	80	63	55	48
cd8et	396876	2326	3544	0.07928893905191874	2326	601	274	184	159
cd8nc	344181	1856	2791	0.06771766391974203	1856	469	196	144	126
cd8s100b	282808	635	1099	0.09281164695177434	635	168	116	94	86
dc	249810	298	560	0.125	298	101	60	54	47
monoc	211830	651	1156	0.10813148788927336	651	209	115	95	86
mononc	233448	530	1027	0.10613437195715676	530	189	118	99	91
nk	482837	2340	3672	0.0860566448801743	2340	679	282	205	166
nkr	167077	254	548	0.1259124087591241	254	105	73	62	54
plasma	155758	172	399	0.14786967418546365	172	78	57	50	42
