run	n_sites	clusters_used	cells_per_donor	sites_cov_per_donor	sites_ge5	sites_ge10	median_dp_at_cov	mean_dp_at_cov	frac_cov_sites_1_2_reads
sim_final_EUR_only__greedy_maxmin__rep1_atac	332224	8	1017.5	327988.5	237548.0	135181.5	8.0	16.65296408635486	0.10446417266981964
sim_final_EUR_only__greedy_maxmin__rep1_gex	195036	8	1017.0	189595.0	98149.0	45554.5	5.0	14.091251435710173	0.2210963545368943
sim_final_EUR_only__random__rep1_atac	330189	8	1017.0	325994.5	235921.5	134328.5	8.0	16.692572976289036	0.10506387291791613
sim_final_EUR_only__random__rep1_gex	192689	8	1017.0	187315.0	96942.0	45448.5	5.0	14.191777062558291	0.21925612763511812
sim_n16_EUR_only__greedy_maxmin__n16_rep1_atac	344753	16	509.5	321122.0	148968.5	70612.5	4.0	8.63787891996873	0.29760340239481714
sim_n16_EUR_only__greedy_maxmin__n16_rep1_gex	202580	16	519.5	176436.5	53002.0	23337.0	3.0	7.799460363949166	0.45959121325574626
sim_n16_EUR_only__greedy_maxmin__n16_rep2_atac	345830	16	510.0	321778.0	148908.5	70609.0	4.0	8.621794458770218	0.2972309838693259
sim_n16_EUR_only__greedy_maxmin__n16_rep2_gex	203286	16	521.5	177353.0	53484.0	23575.5	3.0	7.803543503030179	0.45757330285772396
sim_n16_EUR_only__random__n16_rep1_atac	344351	16	510.0	320549.5	148780.0	70522.5	4.0	8.64137825516447	0.2973153516208842
sim_n16_EUR_only__random__n16_rep1_gex	202672	15	524.0	177090.0	53915.0	23650.0	3.0	7.893615580399216	0.4560336552035688
sim_n16_EUR_only__random__n16_rep2_atac	344238	16	510.0	320322.0	148482.5	70690.5	4.0	8.642427783166816	0.2968724195795328
sim_n16_EUR_only__random__n16_rep2_gex	202403	16	517.5	176599.5	53594.5	23643.5	3.0	7.865737898946407	0.45709253619029466
onek1k_pool1	253878	12	1442.0	170282.0	43251.5	20123.5	2.0	10.398963640362744	0.5685751165148805
onek1k_pool55	244332	14	1136.5	170036.0	46840.5	21778.5	2.0	10.986098962474822	0.53790191751114
onek1k_pool11	237182	14	1365.0	167371.5	47510.0	22698.5	2.0	12.228161103036836	0.5283669652974462
onek1k_pool70	217563	9	1511.0	157608.0	47417.0	22840.0	2.0	11.875044413989137	0.5082229328460485
