mod	stratum	bin	median_sites	mean_r2_gt	mean_r2_gl	mean_concordance
atac	depth	depth1-2	33803.0	0.5084940517309606	0.4926299570470247	0.6808142057322527
atac	depth	depth3-5	81628.5	0.6304512473834339	0.6791107832302352	0.7720314187279693
atac	depth	depth6-10	85217.0	0.7677516927478107	0.8086821155754974	0.8730668360286906
atac	depth	depth>10	116558.0	0.8805242769908753	0.8874421593099222	0.967308231072438
atac	eur_maf	eurMAF5-20%	111981.5	0.7513469649375181	0.7747489582393244	0.8866924932400355
atac	eur_maf	eurMAF<5%	33490.5	0.44230279278049306	0.4397211046618657	0.903064882223084
atac	eur_maf	eurMAF>20%	171669.5	0.7150721368584226	0.764158852816319	0.8338369771038099
atac	pool_maf	poolMAF10-25%	89167.0	0.7927065725687078	0.8234102419275312	0.8804017228522052
atac	pool_maf	poolMAF<10%	49451.0	0.8674147537929415	0.8713786364400363	0.9338357378769149
atac	pool_maf	poolMAF=0	23177.0	7.784475742797429e-05	2.872879652679639e-05	0.8677254497855336
atac	pool_maf	poolMAF>25%	155315.0	0.6871788415290776	0.7420474074305761	0.8232285740790046
gex	depth	depth1-2	73671.0	0.6025278199388553	0.5310098227166995	0.7080529179281269
gex	depth	depth3-5	50312.0	0.6998055129518466	0.715536360220015	0.7985553716267284
gex	depth	depth6-10	21389.0	0.7663639010224402	0.8015704466827898	0.8663345243728071
gex	depth	depth>10	19708.0	0.8497381884150408	0.862372032133618	0.9468209630414968
gex	eur_maf	eurMAF5-20%	63729.0	0.7338413750348447	0.6889265659247658	0.8478773501746544
gex	eur_maf	eurMAF<5%	17055.0	0.49326342180116584	0.38066254560855406	0.8958189486613485
gex	eur_maf	eurMAF>20%	84233.0	0.6347640151269898	0.648075710172275	0.7329521667530466
gex	pool_maf	poolMAF10-25%	48609.0	0.7159940616609575	0.694188269021894	0.8155558213161158
gex	pool_maf	poolMAF<10%	38413.0	0.8291197473662608	0.7328527415367236	0.9103328263737448
gex	pool_maf	poolMAF=0	6569.0	0.00016301166127970806	0.0005778982676081404	0.8551242857370017
gex	pool_maf	poolMAF>25%	71118.0	0.6093510796006978	0.6323591329105972	0.7152822667754722
