cluster	donor	n_sites_gt	r2_gt	n_sites_gl	r2_gl	gt_concordance	median_depth	r	margin_donor	margin_cluster	ambiguous	tree	pool	mod
c0	HG01527	156174	0.6616551554354432	165466	0.6264129294571384	0.7712679447283158	2.0	0.8134218803520368	0.4576345701390152	0.4553963299067914	0	ambisim_n16	EUR_only__random__n16_rep1	gex
c1	NA12146	162626	0.6707635629934761	172430	0.6398141761727053	0.7800474708841145	3.0	0.8190015647075871	0.4462173808655195	0.4433311382004457	0	ambisim_n16	EUR_only__random__n16_rep1	gex
c2	NA12813	163865	0.6713667842539172	173816	0.6433447988414336	0.781356604522015	3.0	0.8193697481930348	0.4575800540851869	0.4562011631209375	0	ambisim_n16	EUR_only__random__n16_rep1	gex
c3	HG00237	181407	0.4333197703239702	192100	0.431270429864081	0.677719161884602	5.0	0.6582702866786334	0.0056495668816554	0.2923057260680059	1	ambisim_n16	EUR_only__random__n16_rep1	gex
c4	NA11829	163022	0.675711323719173	172658	0.64364176954751	0.7839432714602937	3.0	0.8220166200991151	0.4456996418936822	0.4478146238267848	0	ambisim_n16	EUR_only__random__n16_rep1	gex
c5	NA20767	161216	0.6607012851801545	170898	0.6283464496696961	0.775189807463279	3.0	0.8128353370641279	0.4469157570756533	0.4417652272522459	0	ambisim_n16	EUR_only__random__n16_rep1	gex
c6	HG00384	163179	0.6758939928604185	172742	0.6457555693594759	0.7822391361633544	3.0	0.8221277229606228	0.4448352925207179	0.4428105653044627	0	ambisim_n16	EUR_only__random__n16_rep1	gex
c7	HG01697	163081	0.6746748333979206	172747	0.644557328091506	0.7813417872100368	3.0	0.8213859223275747	0.4586727632941755	0.4566709986934246	0	ambisim_n16	EUR_only__random__n16_rep1	gex
c8	NA20504	160034	0.6745106931752236	169553	0.6397732928067472	0.7799405126410638	3.0	0.8212859996220705	0.4522954670915544	0.4563994065891905	0	ambisim_n16	EUR_only__random__n16_rep1	gex
c9	HG00362	162173	0.673340661712004	171683	0.6422446513333193	0.7824422067791803	3.0	0.8205733737527705	0.4412562160966105	0.4432809433128657	0	ambisim_n16	EUR_only__random__n16_rep1	gex
c11	NA20512	158922	0.6714391692807293	168271	0.6375175798181566	0.7765067139854771	3.0	0.819413918163909	0.4437434916567676	0.4467357871391298	0	ambisim_n16	EUR_only__random__n16_rep1	gex
c12	NA12873	160905	0.6720410436160317	170311	0.6376523119332286	0.7811565830769709	3.0	0.8197810949369543	0.4504854006105949	0.4503101841561162	0	ambisim_n16	EUR_only__random__n16_rep1	gex
c13	NA12287	162682	0.6692694376804545	172299	0.6375655939713165	0.7787770005286387	3.0	0.8180888935075787	0.4514859370078921	0.4540818648953088	0	ambisim_n16	EUR_only__random__n16_rep1	gex
c14	NA20801	163509	0.6683741407089234	173063	0.6351958731177058	0.7812291678133926	3.0	0.8175415223148751	0.4517144405148834	0.4487382467046709	0	ambisim_n16	EUR_only__random__n16_rep1	gex
c15	NA12890	161813	0.6709698245862133	171470	0.6388935948890291	0.7792080982368537	3.0	0.8191274776164046	0.4535650690657605	0.4519011873385677	0	ambisim_n16	EUR_only__random__n16_rep1	gex
c0	HG01612	165766	0.6733952545898496	171611	0.6533464088886773	0.7834175886490595	3.0	0.8206066381585331	0.4446986499607076	0.4416610769561758	0	ambisim_n16	EUR_only__greedy_maxmin__n16_rep1	gex
c1	NA20585	167895	0.6872186392859642	173541	0.667618645680352	0.79412728193216	3.0	0.8289865133317695	0.4688657486661602	0.4713489450219245	0	ambisim_n16	EUR_only__greedy_maxmin__n16_rep1	gex
c2	HG00109	166703	0.6732793925881703	172837	0.6497934652367969	0.785702716807736	3.0	0.8205360397862913	0.4415904785839341	0.4446280515884658	0	ambisim_n16	EUR_only__greedy_maxmin__n16_rep1	gex
c3	NA11994	164910	0.6717994692532615	170811	0.6481088344372696	0.7829604026438663	3.0	0.8196337409192361	0.4507471338546347	0.4505894628401326	0	ambisim_n16	EUR_only__greedy_maxmin__n16_rep1	gex
c4	HG00096	164199	0.6615903925521379	170135	0.6395299191824688	0.779030322961772	3.0	0.8133820704638982	0.4405143625808341	0.4391794124525157	0	ambisim_n16	EUR_only__greedy_maxmin__n16_rep1	gex
c5	HG01628	165875	0.6700903577053183	171727	0.6501232576889202	0.7835357950263753	3.0	0.8185904700797086	0.4711242849493197	0.4702881277380297	0	ambisim_n16	EUR_only__greedy_maxmin__n16_rep1	gex
c6	HG01704	163328	0.6603102568263273	169232	0.6356238872240553	0.7790091105015674	3.0	0.812594767904844	0.4428318387027427	0.4400111054623686	0	ambisim_n16	EUR_only__greedy_maxmin__n16_rep1	gex
c7	HG01624	162910	0.6581743301997496	168702	0.6346435283342645	0.7745319501565281	3.0	0.8112794402668846	0.4479145966171798	0.4409201620236527	0	ambisim_n16	EUR_only__greedy_maxmin__n16_rep1	gex
c8	HG00143	164872	0.6597574714013399	170828	0.6396961125935563	0.7769845698481246	3.0	0.8122545607143982	0.4396883393986169	0.4398356809156253	0	ambisim_n16	EUR_only__greedy_maxmin__n16_rep1	gex
c9	HG00358	166376	0.684560001660796	172128	0.6625397573987704	0.790745059383565	3.0	0.8273814124457933	0.4583371343666898	0.4633217752436091	0	ambisim_n16	EUR_only__greedy_maxmin__n16_rep1	gex
c10	HG00117	161087	0.6724097773264276	166648	0.6444888639937755	0.7830551192833686	2.0	0.8200059617627348	0.4453019245088538	0.4467107272729311	0	ambisim_n16	EUR_only__greedy_maxmin__n16_rep1	gex
c11	HG00108	166029	0.6738288834513787	171792	0.6510500284537982	0.7885248962530642	3.0	0.8208708080151095	0.4509271431214002	0.4528286702084974	0	ambisim_n16	EUR_only__greedy_maxmin__n16_rep1	gex
c12	NA12005	166395	0.6785486113415387	172270	0.6559024039520117	0.7889539950118694	3.0	0.8237406213982279	0.4596953943844278	0.460140136659038	0	ambisim_n16	EUR_only__greedy_maxmin__n16_rep1	gex
c13	HG00338	165726	0.6737496414588614	171541	0.650520831988769	0.784342830937813	3.0	0.8208225395655637	0.4576787767952594	0.4542031814568142	0	ambisim_n16	EUR_only__greedy_maxmin__n16_rep1	gex
c14	HG00138	166345	0.672498823024323	172354	0.6494480516671202	0.7855721542577174	3.0	0.8200602557277867	0.4534870020843473	0.4553519661616425	0	ambisim_n16	EUR_only__greedy_maxmin__n16_rep1	gex
c15	NA12873	168294	0.6776424044707754	174257	0.6571457753332077	0.7897786017326821	3.0	0.8231903816680413	0.456199171872634	0.4569064508510039	0	ambisim_n16	EUR_only__greedy_maxmin__n16_rep1	gex
c0	HG00183	162286	0.6792942513467142	169834	0.6495231861895688	0.7859334754692333	3.0	0.8241930910573773	0.4326692197897025	0.4318600633635534	0	ambisim_n16	EUR_only__greedy_maxmin__n16_rep2	gex
c1	HG00325	162234	0.6713788725097798	169945	0.6424817885082387	0.7819939100311896	3.0	0.8193771247171718	0.4337494734639801	0.4363065044306854	0	ambisim_n16	EUR_only__greedy_maxmin__n16_rep2	gex
c2	NA20792	159714	0.6603539364871099	167390	0.630995711818046	0.7731570181699788	3.0	0.8126216441168116	0.4385449727420167	0.4348408084540627	0	ambisim_n16	EUR_only__greedy_maxmin__n16_rep2	gex
c3	NA20772	166256	0.6826679994831584	173763	0.6590674053352651	0.7887234144933115	3.0	0.8262372537492838	0.4524069486522031	0.45343001380051	0	ambisim_n16	EUR_only__greedy_maxmin__n16_rep2	gex
c4	HG02233	165376	0.6686511979930791	173201	0.6431408882975901	0.7827919407894737	3.0	0.8177109501486935	0.454013429534529	0.4541509712964278	0	ambisim_n16	EUR_only__greedy_maxmin__n16_rep2	gex
c5	HG01771	164178	0.6687030817371051	171948	0.6413517884940858	0.781968351423455	3.0	0.8177426745236579	0.439961838860909	0.443666003148863	0	ambisim_n16	EUR_only__greedy_maxmin__n16_rep2	gex
c6	NA11917	166916	0.6770979541542093	174681	0.652656234229245	0.7859462244482255	3.0	0.8228596199560465	0.4613241858373273	0.4565317051292176	0	ambisim_n16	EUR_only__greedy_maxmin__n16_rep2	gex
c7	HG01628	165766	0.67323716900439	173340	0.6484585565034011	0.7832547084444337	3.0	0.8205103101146201	0.4707953990404462	0.4691171927364655	0	ambisim_n16	EUR_only__greedy_maxmin__n16_rep2	gex
c8	HG01632	165793	0.6752813186166517	173611	0.6500357943609029	0.7847496577056933	3.0	0.8217550234812391	0.4501288923601937	0.4498875566081698	0	ambisim_n16	EUR_only__greedy_maxmin__n16_rep2	gex
c9	HG00338	163415	0.6740597072655108	170903	0.646591175296484	0.7832267539699538	3.0	0.8210113928962928	0.4381357661378151	0.435383741643101	0	ambisim_n16	EUR_only__greedy_maxmin__n16_rep2	gex
c10	HG00182	165267	0.6751013908731768	173061	0.6469634657406368	0.7861339529367629	3.0	0.8216455384611887	0.4385749181747023	0.4387478240500981	0	ambisim_n16	EUR_only__greedy_maxmin__n16_rep2	gex
c11	HG01624	164879	0.666179946858668	172626	0.6415826021499146	0.7783162197732882	3.0	0.8161984727127759	0.4444058068606339	0.4445484521864375	0	ambisim_n16	EUR_only__greedy_maxmin__n16_rep2	gex
c12	HG00138	164436	0.6753931196427714	172155	0.6484726105167711	0.78443893064779	3.0	0.8218230464295653	0.4543224004778543	0.4523744272700574	0	ambisim_n16	EUR_only__greedy_maxmin__n16_rep2	gex
c13	HG00358	165505	0.6880941460685738	172953	0.6616479553513652	0.7913416513096281	3.0	0.8295144037740235	0.4371813760801997	0.4379905325063488	0	ambisim_n16	EUR_only__greedy_maxmin__n16_rep2	gex
c14	NA20527	165108	0.6770344866869602	172538	0.6505184933658638	0.785304164546842	3.0	0.822821053867097	0.4534640384564723	0.4567260470587236	0	ambisim_n16	EUR_only__greedy_maxmin__n16_rep2	gex
c15	NA07056	163594	0.6758689445537255	171338	0.6469859806370221	0.7848270718975023	3.0	0.8221124889902388	0.4539343331005224	0.4543707198899587	0	ambisim_n16	EUR_only__greedy_maxmin__n16_rep2	gex
c0	HG00174	180710	0.7178224632402441	182363	0.7339145247021441	0.8310497482153727	5.0	0.8472440399555751	0.5377700331280784	0.5357659523308369	0	ambisim_final	EUR_only__random__rep1	gex
c1	HG00109	180399	0.7206235599065614	182074	0.734537924924135	0.8328150377773713	5.0	0.8488954941019309	0.5148803584413713	0.5197006714856363	0	ambisim_final	EUR_only__random__rep1	gex
c2	NA11993	179635	0.7114527638384326	181367	0.7274111838146659	0.8247334873493473	4.0	0.8434765935332365	0.5112652821114029	0.5064348362793314	0	ambisim_final	EUR_only__random__rep1	gex
c3	HG01781	180732	0.7136033228622686	182472	0.7288978317790719	0.8306940663523892	5.0	0.8447504500515336	0.5211692452479324	0.5202855119520721	0	ambisim_final	EUR_only__random__rep1	gex
c4	NA12004	181326	0.7293996636418125	182975	0.7430377590644186	0.8392287923408668	5.0	0.8540489819921411	0.517007224738236	0.5218376705703075	0	ambisim_final	EUR_only__random__rep1	gex
c5	NA20803	180182	0.7164827690859615	181909	0.7302767722432565	0.8291671754115283	4.0	0.8464530519089417	0.5318601551000692	0.5327150315834546	0	ambisim_final	EUR_only__random__rep1	gex
c6	HG01672	180669	0.7215805059881598	182406	0.7367065926793799	0.8332475410834177	5.0	0.8494589489717321	0.5302790892326805	0.5309276795800615	0	ambisim_final	EUR_only__random__rep1	gex
c7	HG00106	180108	0.7229573421054297	181803	0.7355061401572901	0.831551069358385	4.0	0.8502689822082361	0.5272132913870842	0.5273746375200643	0	ambisim_final	EUR_only__random__rep1	gex
c0	HG01669	182883	0.7249214220582606	184661	0.7357710776116828	0.8329205010853934	5.0	0.8514231744897837	0.5278299685754142	0.5252036075552473	0	ambisim_final	EUR_only__greedy_maxmin__rep1	gex
c1	HG01501	182499	0.7075482123748675	184352	0.7210345546543229	0.8255661674858492	5.0	0.8411588508568804	0.522964686431232	0.5186286268703688	0	ambisim_final	EUR_only__greedy_maxmin__rep1	gex
c2	NA20585	182963	0.7346147366859	184614	0.7451331187590894	0.8379071178325672	5.0	0.8570966903949052	0.5308771234603689	0.534192081247647	0	ambisim_final	EUR_only__greedy_maxmin__rep1	gex
c3	HG01694	182947	0.7216828524863316	184705	0.7337680995573557	0.8325198008166299	5.0	0.849519189004187	0.5362905056249464	0.5314801130090983	0	ambisim_final	EUR_only__greedy_maxmin__rep1	gex
c4	NA20762	181617	0.7136450760336054	183458	0.7243820371354854	0.8267948484998651	4.0	0.8447751630070603	0.5248917493586157	0.5255220632455789	0	ambisim_final	EUR_only__greedy_maxmin__rep1	gex
c5	HG01628	183472	0.7239897037135785	185281	0.7363628265247619	0.8339147117816342	5.0	0.850875845064119	0.5419863542712804	0.5428431790669683	0	ambisim_final	EUR_only__greedy_maxmin__rep1	gex
c6	HG00106	182124	0.7218880860647894	183880	0.7323875644503497	0.8300937822582416	4.0	0.8496399743802014	0.5341998752649029	0.5340811385912215	0	ambisim_final	EUR_only__greedy_maxmin__rep1	gex
c7	HG01679	182205	0.7281320064213681	183999	0.7371819610408662	0.8323756208666063	4.0	0.8533065137577283	0.5305783922729117	0.5297133078433587	0	ambisim_final	EUR_only__greedy_maxmin__rep1	gex
c0	HG01694	316526	0.7227031011506385	316953	0.7571612858361844	0.8557748810524254	7.0	0.8501194628701536	0.5012860073148435	0.4962921650463977	0	ambisim_final	EUR_only__greedy_maxmin__rep1	atac
c1	NA20762	317457	0.7394730858969566	317827	0.772723441370537	0.864756486705286	8.0	0.8599262095650746	0.501146443095525	0.5049181465444132	0	ambisim_final	EUR_only__greedy_maxmin__rep1	atac
c2	NA20585	316997	0.7336190604393925	317381	0.7672172070026041	0.8600775401659952	7.0	0.8565156510183527	0.500181505261972	0.501731404286076	0	ambisim_final	EUR_only__greedy_maxmin__rep1	atac
c3	HG00106	315767	0.7174879686145085	316189	0.751449262979656	0.851821121269797	7.0	0.8470466153727955	0.492038552352134	0.4882668489032458	0	ambisim_final	EUR_only__greedy_maxmin__rep1	atac
c4	HG01501	317298	0.7336196656007169	317723	0.768098277225632	0.8623691293358294	8.0	0.8565160042875538	0.4985880364004499	0.4977113135080004	0	ambisim_final	EUR_only__greedy_maxmin__rep1	atac
c5	HG01679	316420	0.7310137672448692	316862	0.7638955627247632	0.8584571139624549	7.0	0.8549934311121163	0.496188740332563	0.4968473554254919	0	ambisim_final	EUR_only__greedy_maxmin__rep1	atac
c6	HG01628	317545	0.7356620002283939	317962	0.7698307784164978	0.862690327355178	8.0	0.8577074094517279	0.5071592714660469	0.508077490996952	0	ambisim_final	EUR_only__greedy_maxmin__rep1	atac
c7	HG01669	317310	0.7344717084227732	317747	0.7683381427904815	0.8625350603510762	8.0	0.8570132486856742	0.4988671729990497	0.4998241898561292	0	ambisim_final	EUR_only__greedy_maxmin__rep1	atac
