run	method	reads_quartile	median_reads	n_true_singlets	n_true_doublets	singlet_recall	singlet_precision	best_guess_acc	doublet_recall	missing_calls
ambisim_n16__EUR_only__random__n16_rep1__gex	true_GT	Q1	1347.0	2035	216	0.7503685503685503	0.975095785440613	0.9552825552825552	0.8611111111111112	0
ambisim_n16__EUR_only__random__n16_rep1__gex	true_GT	Q2	2376.0	2025	224	0.7896296296296297	0.9975046787273861	0.9925925925925926	0.9821428571428571	0
ambisim_n16__EUR_only__random__n16_rep1__gex	true_GT	Q3	3671.5	2001	249	0.8225887056471765	0.9981807155852032	0.9975012493753124	0.9879518072289156	0
ambisim_n16__EUR_only__random__n16_rep1__gex	true_GT	Q4	6494.0	2038	211	0.8562315996074583	1.0	1.0	1.0	0
ambisim_n16__EUR_only__random__n16_rep1__gex	souporcell	Q1	1347.0	2035	216	0.9351351351351351	0.9113984674329502	0.9351351351351351	0.7083333333333334	0
ambisim_n16__EUR_only__random__n16_rep1__gex	souporcell	Q2	2376.0	2025	224	0.9422222222222222	0.9275644141954302	0.9422222222222222	0.8392857142857143	0
ambisim_n16__EUR_only__random__n16_rep1__gex	souporcell	Q3	3671.5	2001	249	0.9305347326336831	0.9185989146521953	0.9305347326336831	0.8594377510040161	0
ambisim_n16__EUR_only__random__n16_rep1__gex	souporcell	Q4	6494.0	2038	211	0.9386653581943082	0.9327157484154072	0.9386653581943082	0.9383886255924171	0
ambisim_n16__EUR_only__random__n16_rep1__atac	true_GT	Q1	2687.0	2027	223	0.8268376911692156	0.9982132221560452	0.9940799210656142	0.9910313901345291	0
ambisim_n16__EUR_only__random__n16_rep1__atac	true_GT	Q2	4786.0	2015	235	0.9007444168734491	1.0	1.0	1.0	0
ambisim_n16__EUR_only__random__n16_rep1__atac	true_GT	Q3	7441.0	2011	238	0.912481352560915	1.0	1.0	1.0	0
ambisim_n16__EUR_only__random__n16_rep1__atac	true_GT	Q4	13164.0	2046	204	0.9354838709677419	1.0	1.0	1.0	0
ambisim_n16__EUR_only__random__n16_rep1__atac	souporcell	Q1	2687.0	2027	223	1.0	0.9955795677799607	1.0	0.9596412556053812	0
ambisim_n16__EUR_only__random__n16_rep1__atac	souporcell	Q2	4786.0	2015	235	1.0	0.9995039682539683	1.0	0.9957446808510638	0
ambisim_n16__EUR_only__random__n16_rep1__atac	souporcell	Q3	7441.0	2011	238	1.0	1.0	1.0	1.0	0
ambisim_n16__EUR_only__random__n16_rep1__atac	souporcell	Q4	13164.0	2046	204	1.0	1.0	1.0	1.0	0
ambisim_n16__EUR_only__random__n16_rep2__gex	true_GT	Q1	1348.5	2029	221	0.7028092656481025	0.9773817683344757	0.9467718087727944	0.8914027149321267	0
ambisim_n16__EUR_only__random__n16_rep2__gex	true_GT	Q2	2384.5	2035	215	0.7562653562653563	0.9954721862871928	0.995085995085995	0.9674418604651163	0
ambisim_n16__EUR_only__random__n16_rep2__gex	true_GT	Q3	3675.0	1993	256	0.787255393878575	0.9980916030534351	0.9969894631209232	0.98828125	0
ambisim_n16__EUR_only__random__n16_rep2__gex	true_GT	Q4	6515.0	2042	208	0.8393731635651323	1.0	0.9995102840352595	1.0	0
ambisim_n16__EUR_only__random__n16_rep2__gex	souporcell	Q1	1348.5	2029	221	0.9995071463775259	0.968019093078759	0.9995071463775259	0.6968325791855203	0
ambisim_n16__EUR_only__random__n16_rep2__gex	souporcell	Q2	2384.5	2035	215	0.999017199017199	0.9811776061776062	0.999017199017199	0.8186046511627907	0
ambisim_n16__EUR_only__random__n16_rep2__gex	souporcell	Q3	3675.0	1993	256	0.9994982438534872	0.9841897233201581	0.9994982438534872	0.875	0
ambisim_n16__EUR_only__random__n16_rep2__gex	souporcell	Q4	6515.0	2042	208	1.0	0.9912621359223301	1.0	0.9134615384615384	0
ambisim_n16__EUR_only__random__n16_rep2__atac	true_GT	Q1	2693.0	2022	228	0.8333333333333334	0.9946871310507674	0.9920870425321464	0.9605263157894737	0
ambisim_n16__EUR_only__random__n16_rep2__atac	true_GT	Q2	4798.0	2022	231	0.8921859545004945	1.0	1.0	1.0	0
ambisim_n16__EUR_only__random__n16_rep2__atac	true_GT	Q3	7444.0	2007	239	0.9142999501743896	1.0	1.0	1.0	0
ambisim_n16__EUR_only__random__n16_rep2__atac	true_GT	Q4	13134.5	2048	202	0.94482421875	1.0	1.0	1.0	0
ambisim_n16__EUR_only__random__n16_rep2__atac	souporcell	Q1	2693.0	2022	228	1.0	0.9970414201183432	1.0	0.9736842105263158	0
ambisim_n16__EUR_only__random__n16_rep2__atac	souporcell	Q2	4798.0	2022	231	1.0	0.9995056846267919	1.0	0.9956709956709957	0
ambisim_n16__EUR_only__random__n16_rep2__atac	souporcell	Q3	7444.0	2007	239	1.0	1.0	1.0	1.0	0
ambisim_n16__EUR_only__random__n16_rep2__atac	souporcell	Q4	13134.5	2048	202	1.0	1.0	1.0	1.0	0
ambisim_n16__EUR_only__greedy_maxmin__n16_rep1__gex	true_GT	Q1	1346.5	2035	215	0.7547911547911548	0.9727675744141862	0.9503685503685504	0.8604651162790697	0
ambisim_n16__EUR_only__greedy_maxmin__n16_rep1__gex	true_GT	Q2	2380.5	2027	223	0.7932905772076961	0.9944341372912802	0.9955599407992106	0.9596412556053812	0
ambisim_n16__EUR_only__greedy_maxmin__n16_rep1__gex	true_GT	Q3	3664.0	1998	252	0.8188188188188188	0.9987789987789988	0.9984984984984985	0.9920634920634921	0
ambisim_n16__EUR_only__greedy_maxmin__n16_rep1__gex	true_GT	Q4	6499.0	2039	210	0.868563021088769	0.9994356659142212	1.0	0.9952380952380953	0
ambisim_n16__EUR_only__greedy_maxmin__n16_rep1__gex	souporcell	Q1	1346.5	2035	215	0.9995085995085995	0.9671897289586305	0.9995085995085995	0.6790697674418604	0
ambisim_n16__EUR_only__greedy_maxmin__n16_rep1__gex	souporcell	Q2	2380.5	2027	223	0.9990133201776024	0.9806295399515739	0.9990133201776024	0.820627802690583	0
ambisim_n16__EUR_only__greedy_maxmin__n16_rep1__gex	souporcell	Q3	3664.0	1998	252	0.9994994994994995	0.9861728395061728	0.9994994994994995	0.8888888888888888	0
ambisim_n16__EUR_only__greedy_maxmin__n16_rep1__gex	souporcell	Q4	6499.0	2039	210	1.0	0.9922141119221412	1.0	0.9238095238095239	0
ambisim_n16__EUR_only__greedy_maxmin__n16_rep1__atac	true_GT	Q1	2693.5	2025	225	0.8217283950617283	0.9976019184652278	0.9930864197530864	0.9822222222222222	0
ambisim_n16__EUR_only__greedy_maxmin__n16_rep1__atac	true_GT	Q2	4787.5	2021	229	0.8921326076199901	1.0	0.9995051954477981	1.0	0
ambisim_n16__EUR_only__greedy_maxmin__n16_rep1__atac	true_GT	Q3	7429.0	2007	243	0.918784255107125	1.0	1.0	1.0	0
ambisim_n16__EUR_only__greedy_maxmin__n16_rep1__atac	true_GT	Q4	13141.0	2046	203	0.9340175953079178	1.0	1.0	1.0	0
ambisim_n16__EUR_only__greedy_maxmin__n16_rep1__atac	souporcell	Q1	2693.5	2025	225	1.0	0.9980285855101035	1.0	0.9822222222222222	0
ambisim_n16__EUR_only__greedy_maxmin__n16_rep1__atac	souporcell	Q2	4787.5	2021	229	1.0	0.9990113692535838	1.0	0.9912663755458515	0
ambisim_n16__EUR_only__greedy_maxmin__n16_rep1__atac	souporcell	Q3	7429.0	2007	243	1.0	0.9995019920318725	1.0	0.9958847736625515	0
ambisim_n16__EUR_only__greedy_maxmin__n16_rep1__atac	souporcell	Q4	13141.0	2046	203	1.0	1.0	1.0	1.0	0
ambisim_n16__EUR_only__greedy_maxmin__n16_rep2__gex	true_GT	Q1	1345.0	2039	216	0.7528200098087298	0.9690656565656566	0.9426189308484552	0.8518518518518519	0
ambisim_n16__EUR_only__greedy_maxmin__n16_rep2__gex	true_GT	Q2	2378.0	2026	221	0.792694965449161	0.9968963376784605	0.9906219151036525	0.9773755656108597	0
ambisim_n16__EUR_only__greedy_maxmin__n16_rep2__gex	true_GT	Q3	3675.0	1995	252	0.8280701754385965	0.9981873111782478	0.9964912280701754	0.9880952380952381	0
ambisim_n16__EUR_only__greedy_maxmin__n16_rep2__gex	true_GT	Q4	6500.0	2039	211	0.868563021088769	1.0	1.0	1.0	0
ambisim_n16__EUR_only__greedy_maxmin__n16_rep2__gex	souporcell	Q1	1345.0	2039	216	0.9985286905345758	0.9631031220435194	0.9985286905345758	0.6388888888888888	0
ambisim_n16__EUR_only__greedy_maxmin__n16_rep2__gex	souporcell	Q2	2378.0	2026	221	0.9995064165844028	0.9777885079671657	0.9995064165844028	0.7918552036199095	0
ambisim_n16__EUR_only__greedy_maxmin__n16_rep2__gex	souporcell	Q3	3675.0	1995	252	0.9989974937343359	0.9808070866141733	0.9989974937343359	0.8452380952380952	0
ambisim_n16__EUR_only__greedy_maxmin__n16_rep2__gex	souporcell	Q4	6500.0	2039	211	1.0	0.9907677356656949	1.0	0.909952606635071	0
ambisim_n16__EUR_only__greedy_maxmin__n16_rep2__atac	true_GT	Q1	2697.5	2022	228	0.8318496538081108	0.9982195845697329	0.9930761622156281	0.9868421052631579	0
ambisim_n16__EUR_only__greedy_maxmin__n16_rep2__atac	true_GT	Q2	4799.0	2022	229	0.8857566765578635	1.0	1.0	1.0	0
ambisim_n16__EUR_only__greedy_maxmin__n16_rep2__atac	true_GT	Q3	7455.0	2008	240	0.9133466135458167	1.0	1.0	1.0	0
ambisim_n16__EUR_only__greedy_maxmin__n16_rep2__atac	true_GT	Q4	13130.0	2047	203	0.9360039081582804	1.0	1.0	1.0	0
ambisim_n16__EUR_only__greedy_maxmin__n16_rep2__atac	souporcell	Q1	2697.5	2022	228	1.0	0.9965500246426812	1.0	0.9692982456140351	0
ambisim_n16__EUR_only__greedy_maxmin__n16_rep2__atac	souporcell	Q2	4799.0	2022	229	1.0	0.9995056846267919	1.0	0.9956331877729258	0
ambisim_n16__EUR_only__greedy_maxmin__n16_rep2__atac	souporcell	Q3	7455.0	2008	240	1.0	1.0	1.0	1.0	0
ambisim_n16__EUR_only__greedy_maxmin__n16_rep2__atac	souporcell	Q4	13130.0	2047	203	1.0	1.0	1.0	1.0	0
ambisim_final__EUR_only__random__rep1__gex	true_GT	Q1	1347.5	2032	220	0.7997047244094488	0.9777376654632972	0.9729330708661418	0.8590909090909091	0
ambisim_final__EUR_only__random__rep1__gex	true_GT	Q2	2377.5	2028	220	0.8136094674556213	0.9975816203143894	0.997534516765286	0.9818181818181818	0
ambisim_final__EUR_only__random__rep1__gex	true_GT	Q3	3672.0	2000	249	0.835	1.0	0.998	1.0	0
ambisim_final__EUR_only__random__rep1__gex	true_GT	Q4	6512.0	2039	211	0.8798430603236881	1.0	1.0	1.0	0
ambisim_final__EUR_only__random__rep1__gex	souporcell	Q1	1347.5	2032	220	0.9985236220472441	0.9975417895771878	0.9985236220472441	0.9772727272727273	0
ambisim_final__EUR_only__random__rep1__gex	souporcell	Q2	2377.5	2028	220	0.9990138067061144	0.9995066600888012	0.9990138067061144	0.9954545454545455	0
ambisim_final__EUR_only__random__rep1__gex	souporcell	Q3	3672.0	2000	249	0.998	1.0	0.998	1.0	0
ambisim_final__EUR_only__random__rep1__gex	souporcell	Q4	6512.0	2039	211	0.9995095635115253	1.0	0.9995095635115253	1.0	0
ambisim_final__EUR_only__random__rep1__atac	true_GT	Q1	2692.0	2024	226	0.883399209486166	0.9944382647385984	0.9980237154150198	0.9557522123893806	0
ambisim_final__EUR_only__random__rep1__atac	true_GT	Q2	4814.0	2017	233	0.9147248388696083	1.0	1.0	1.0	0
ambisim_final__EUR_only__random__rep1__atac	true_GT	Q3	7464.0	2016	233	0.9280753968253969	1.0	1.0	1.0	0
ambisim_final__EUR_only__random__rep1__atac	true_GT	Q4	13177.0	2042	208	0.951028403525955	1.0	1.0	1.0	0
ambisim_final__EUR_only__random__rep1__atac	souporcell	Q1	2692.0	2024	226	0.9985177865612648	1.0	0.9985177865612648	1.0	0
ambisim_final__EUR_only__random__rep1__atac	souporcell	Q2	4814.0	2017	233	0.999008428358949	1.0	0.999008428358949	1.0	0
ambisim_final__EUR_only__random__rep1__atac	souporcell	Q3	7464.0	2016	233	1.0	1.0	1.0	1.0	0
ambisim_final__EUR_only__random__rep1__atac	souporcell	Q4	13177.0	2042	208	0.9995102840352595	1.0	0.9995102840352595	1.0	0
