run	mod	k	method	n_ambiguous_clusters	n_true_singlets	n_true_doublets	singlet_recall	singlet_precision	best_guess_acc	doublet_recall	missing_calls
ambisim_n16__EUR_only__random__n16_rep1__gex	gex	16	true_GT	1	8099	900	0.8046672428694901	0.992991010208746	0.9862946042721323	0.9588888888888889	0
ambisim_n16__EUR_only__random__n16_rep1__gex	gex	16	souporcell	1	8099	900	0.9366588467712064	0.9225343548583242	0.9366588467712064	0.8366666666666667	0
ambisim_n16__EUR_only__random__n16_rep1__atac	atac	16	true_GT	0	8099	900	0.8939375231510063	0.9995858069860555	0.9985183355969873	0.9977777777777778	0
ambisim_n16__EUR_only__random__n16_rep1__atac	atac	16	souporcell	0	8099	900	1.0	0.9987668023184116	1.0	0.9888888888888889	0
ambisim_n16__EUR_only__random__n16_rep2__gex	gex	16	true_GT	0	8099	900	0.7714532658352883	0.9931648386584009	0.9845659958019508	0.9622222222222222	0
ambisim_n16__EUR_only__random__n16_rep2__gex	gex	16	souporcell	0	8099	900	0.9995061118656624	0.9810932008241425	0.9995061118656624	0.8266666666666667	0
ambisim_n16__EUR_only__random__n16_rep2__atac	atac	16	true_GT	0	8099	900	0.8962834917891098	0.9987616951018162	0.9980244474626497	0.99	0
ambisim_n16__EUR_only__random__n16_rep2__atac	atac	16	souporcell	0	8099	900	1.0	0.9991364421416234	1.0	0.9922222222222222	0
ambisim_n16__EUR_only__greedy_maxmin__n16_rep1__gex	gex	16	true_GT	0	8099	900	0.8088652920113595	0.9916742355434454	0.9860476602049636	0.9533333333333334	0
ambisim_n16__EUR_only__greedy_maxmin__n16_rep1__gex	gex	16	souporcell	0	8099	900	0.9995061118656624	0.9814500484966052	0.9995061118656624	0.83	0
ambisim_n16__EUR_only__greedy_maxmin__n16_rep1__atac	atac	16	true_GT	0	8099	900	0.8917150265464873	0.9994464433988375	0.998147919496234	0.9955555555555555	0
ambisim_n16__EUR_only__greedy_maxmin__n16_rep1__atac	atac	16	souporcell	0	8099	900	1.0	0.9991364421416234	1.0	0.9922222222222222	0
ambisim_n16__EUR_only__greedy_maxmin__n16_rep2__gex	gex	16	true_GT	0	8099	900	0.8104704284479566	0.991391028545537	0.9823434991974318	0.9555555555555556	0
ambisim_n16__EUR_only__greedy_maxmin__n16_rep2__gex	gex	16	souporcell	0	8099	900	0.9992591677984937	0.9780060422960725	0.9992591677984937	0.7977777777777778	0
ambisim_n16__EUR_only__greedy_maxmin__n16_rep2__atac	atac	16	true_GT	0	8099	900	0.8918384985800716	0.9995848325491281	0.9982713915298185	0.9966666666666667	0
ambisim_n16__EUR_only__greedy_maxmin__n16_rep2__atac	atac	16	souporcell	0	8099	900	1.0	0.9990131984704577	1.0	0.9911111111111112	0
ambisim_final__EUR_only__random__rep1__gex	gex	8	true_GT	0	8099	900	0.8320780343252253	0.993952802359882	0.9920977898505988	0.9611111111111111	0
ambisim_final__EUR_only__random__rep1__gex	gex	8	souporcell	0	8099	900	0.9987652796641561	0.9992588017294627	0.9987652796641561	0.9933333333333333	0
ambisim_final__EUR_only__random__rep1__atac	atac	8	true_GT	0	8099	900	0.9193727620693913	0.9986587982832618	0.9995061118656624	0.9888888888888889	0
ambisim_final__EUR_only__random__rep1__atac	atac	8	souporcell	0	8099	900	0.9992591677984937	1.0	0.9992591677984937	1.0	0
