arm	scenario	h2	n_pheno	d_egene_bonf	d_egene_bonf_se	d_n_cs	d_n_cs_se	d_causal_in_cs	d_causal_in_cs_se	d_all_causal_in_cs	d_all_causal_in_cs_se	d_cs_size_median	d_cs_size_median_se	d_causal_pip_mean	d_causal_pip_mean_se	d_causal_pip_gt05	d_causal_pip_gt05_se	d_lead_is_causal	d_lead_is_causal_se	d_lead_ld_causal	d_lead_ld_causal_se	d_lead_observed_gex	d_lead_observed_gex_se
atac_imp	any	0.05	300	-0.15333333333333332	0.02335959662251055	-0.06	0.020830044333467586	-0.035	0.015257909110113547	-0.02	0.013305433463185454	4.846153846153846	4.081361879679308	-0.024520011343426712	0.006016636230272363	-0.01	0.007059233380455163	-0.10666666666666667	0.020740652262202668	-0.17502098860473858	0.02451459866615941	0.0033333333333333335	0.014552663241901166
atac_imp	any	0.1	300	-0.2633333333333333	0.026332211426364282	-0.31666666666666665	0.02811757974289911	-0.285	0.025837693378243695	-0.23333333333333334	0.0257910881972363	7.9655172413793105	1.284240379302034	-0.13547224703562724	0.014055404986619108	-0.12166666666666667	0.01838191596743835	-0.20333333333333334	0.02883789055433721	-0.22106823297027986	0.023872160313475034	0.0033333333333333335	0.010014853331617444
atac_imp	any	0.2	300	-0.09333333333333334	0.016823122945106274	-0.29333333333333333	0.031354887152505256	-0.23	0.022305770109011604	-0.20666666666666667	0.0269577204514047	7.221774193548387	1.179574146942981	-0.1034341231393372	0.010232775953316694	-0.07833333333333334	0.013525304195692882	-0.2	0.028331529878993136	-0.15556281135339248	0.018800620907124813	0.013333333333333334	0.012469211432247964
atac_imp	observed	0.05	291	-0.05154639175257732	0.0212832772345179	-0.027491408934707903	0.018143503986775708	-0.03264604810996564	0.016487314115895147	-0.024054982817869417	0.016448368380346322	5.773333333333333	2.1180114193205783	-0.023686014717114862	0.007351055748404888	-0.020618556701030927	0.008344610447426593	-0.027491408934707903	0.018143503986775708	-0.07932316760232544	0.02099965013986377	-0.061855670103092786	0.02772885959500391
atac_imp	observed	0.1	291	-0.13745704467353953	0.021359671152908218	-0.13745704467353953	0.02347410304152642	-0.13058419243986255	0.022843745722951808	-0.12027491408934708	0.022517883508386682	6.718918918918919	1.3552503095014419	-0.11190716699219666	0.014489861089952129	-0.0979381443298969	0.01719752835363512	-0.140893470790378	0.025113409715220334	-0.13888944514896978	0.019831330123912083	-0.13745704467353953	0.030885673886778587
atac_imp	observed	0.2	291	-0.024054982817869417	0.008997382879923249	-0.08934707903780069	0.018752722579920608	-0.11168384879725086	0.02180401422464859	-0.12714776632302405	0.024412891022712494	5.5	1.4226700250821949	-0.09907118806512923	0.012855709382741397	-0.0979381443298969	0.018524415305104614	-0.12714776632302405	0.027169582088294383	-0.0542242439871811	0.013893082384564149	-0.06872852233676977	0.030523618868722718
atac_imp	untyped	0.05	300	-0.12	0.021555973132833875	-0.09	0.02073617254287739	-0.08666666666666667	0.01996280450565388	-0.08666666666666667	0.01996280450565388	4.791666666666667	2.4989285529061354	-0.036690508047431646	0.006185211165789529	-0.016666666666666666	0.007403535467669015	-0.08666666666666667	0.020513656616182045	-0.15993933120408244	0.024656435665096475	0.02	0.011508321839951569
atac_imp	untyped	0.1	300	-0.24	0.02558567045999386	-0.27	0.028552988156486124	-0.24833333333333332	0.026554075297428894	-0.21	0.025813411601455	6.0823170731707314	1.1655906777222973	-0.1032140766157907	0.01257882295417413	-0.075	0.015504341823651055	-0.17333333333333334	0.026916334028476385	-0.23423243939873284	0.02259253710989079	0.006666666666666667	0.009435970141739181
atac_imp	untyped	0.2	300	-0.11333333333333333	0.01833257320811965	-0.19	0.02317352504689823	-0.23666666666666666	0.026332211426364282	-0.23666666666666666	0.026332211426364282	6.647540983606557	0.9199719486859315	-0.19294196851313028	0.017835287005307687	-0.19333333333333333	0.02379461230781512	-0.18	0.028776616296655688	-0.16076865692507497	0.020750104543127718	0.0	0.008178608201095306
gex_imp	any	0.05	300	-0.2866666666666667	0.02898249705662556	-0.13	0.022130151145972537	-0.07833333333333334	0.016995365184528433	-0.04666666666666667	0.015426550057420446	12.818181818181818	7.251104219130642	-0.03480738170632666	0.00584648060690604	-0.013333333333333334	0.006198739997355296	-0.12	0.019944180745180593	-0.3968982322885824	0.02671859571219135	0.02	0.015618072600365213
gex_imp	any	0.1	300	-0.5933333333333334	0.028797270608517493	-0.5933333333333334	0.029561391756335396	-0.5133333333333333	0.02802425026204817	-0.43	0.030148277191479278	16.387096774193548	4.112083471981632	-0.1804343045050244	0.015733169806017244	-0.14833333333333334	0.019223837472383674	-0.3	0.028915746598312003	-0.551496557063449	0.02687190648336731	0.04	0.015489054645905841
gex_imp	any	0.2	300	-0.43333333333333335	0.028657565120703166	-0.79	0.039190527374576574	-0.54	0.02396578758061112	-0.44	0.029092555948115027	20.972	3.1579459637044804	-0.17227023707375216	0.012794502926775902	-0.12333333333333334	0.015459035906410987	-0.31	0.02796916601351636	-0.49007296531463473	0.025945508939033676	0.07	0.016870547845739464
gex_imp	observed	0.05	291	-0.058419243986254296	0.024824749616719363	-0.09965635738831616	0.022338136995901644	-0.10309278350515463	0.02091270218384023	-0.09278350515463918	0.02021769347107858	10.732142857142858	3.0742427080828167	-0.02698605975410292	0.006861769423921707	-0.020618556701030927	0.008344610447426593	-0.041237113402061855	0.01520299684783543	-0.14682650093764804	0.023249774153013353	-0.044673539518900345	0.027196546448329268
gex_imp	observed	0.1	291	-0.08934707903780069	0.018752722579920608	-0.12371134020618557	0.0247146031693497	-0.12199312714776632	0.024803826595832284	-0.10309278350515463	0.024560894646911413	10.959677419354838	2.257178465051764	-0.09024173141721101	0.011822598199476503	-0.08934707903780069	0.016210845595800442	-0.09621993127147767	0.025600002667210558	-0.14043568591013408	0.020761562609029328	-0.06529209621993128	0.031504414693514955
gex_imp	observed	0.2	291	-0.020618556701030927	0.008344610447426593	-0.07903780068728522	0.02099044483923644	-0.06872852233676977	0.01951097526075618	-0.06872852233676977	0.020832714877398687	7.457407407407407	1.2772043692220179	-0.09143183040785755	0.01174971646917154	-0.09278350515463918	0.019009370015036886	-0.13745704467353953	0.028903760985997326	-0.08414614924428163	0.014588295737695942	-0.048109965635738834	0.03289673676069265
gex_imp	untyped	0.05	300	-0.32	0.030470118044495408	-0.22	0.025314080579497338	-0.19333333333333333	0.024258609171073708	-0.19333333333333333	0.024258609171073708	15.76923076923077	10.720908068931717	-0.05798505581910921	0.008001982540608838	-0.023333333333333334	0.008730235947285765	-0.13333333333333333	0.021292324017324043	-0.40475896284403423	0.02739350563891557	0.023333333333333334	0.01286091737933101
gex_imp	untyped	0.1	300	-0.59	0.02883273563798833	-0.5833333333333334	0.030768069468980534	-0.505	0.027277528208224835	-0.4166666666666667	0.029282894711850364	15.452054794520548	3.1513110687479102	-0.16490454566929164	0.01469301966482892	-0.10833333333333334	0.017099996631613382	-0.28	0.02763030343267141	-0.5783349605116886	0.023985599738042394	0.05	0.015749573086178508
gex_imp	untyped	0.2	300	-0.52	0.028892604740584603	-0.62	0.028853993732100323	-0.6433333333333333	0.0284956658611891	-0.6433333333333333	0.0284956658611891	20.605263157894736	3.5552641950373984	-0.2935815039943824	0.02029287768750126	-0.25	0.025041771123531665	-0.31333333333333335	0.028828224330038777	-0.5324002913056731	0.026485675841502777	0.023333333333333334	0.01286091737933101
gex_naive	any	0.05	300	-0.3466666666666667	0.028321034775881028	-0.17	0.022230674720995863	-0.11333333333333333	0.01623636265655348	-0.07	0.014755532945588958	-141.33333333333334	115.70124363107675	-0.03657496752945543	0.005918315807938901	-0.013333333333333334	0.006198739997355296	-0.13333333333333333	0.019658927487319615	-0.36458895303254557	0.028567157916690775	0.41	0.028443454437435123
gex_naive	any	0.1	300	-0.68	0.026977012386927034	-0.6633333333333333	0.027734339875397123	-0.6583333333333333	0.023307638344596968	-0.5333333333333333	0.028851417827642025	-32.395348837209305	5.431863208180511	-0.17648360148608583	0.015475259564110297	-0.13333333333333333	0.018789055694690433	-0.3233333333333333	0.027459642357098978	-0.5630136398767476	0.026537860590523824	0.53	0.02886365132641704
gex_naive	any	0.2	300	-0.53	0.028863651326417043	-0.86	0.04171891929838007	-0.7516666666666667	0.01726867065672585	-0.56	0.028706798281217784	-32.3	4.776763813239308	-0.18697087420570951	0.01331673483944114	-0.12166666666666667	0.016292055319020463	-0.33666666666666667	0.02891510401902553	-0.5541972272569236	0.024310013606076628	0.69	0.02674667484725186
gex_naive	observed	0.05	291	-0.15120274914089346	0.025609544819247418	-0.12371134020618557	0.027869482288788855	-0.18384879725085912	0.027086272998327224	-0.1718213058419244	0.026532635389322615	-46.25	7.908024973048515	0.1331209435769691	0.014793862778287413	0.10824742268041238	0.019271052352417228	0.1134020618556701	0.025121515783574886	0.07753710617205606	0.025598741667145635	0.563573883161512	0.03184381751371167
gex_naive	observed	0.1	291	-0.15120274914089346	0.023180839793766467	-0.24398625429553264	0.03259830237892944	-0.4072164948453608	0.030205451520971992	-0.3642611683848797	0.030671343639761824	-39.30555555555556	4.495924596093071	0.1078150036859422	0.019066865518619313	0.1134020618556701	0.025472832059080484	0.08247422680412371	0.030405993695670857	0.008428410824196032	0.016357937777423785	0.5257731958762887	0.030896219571725003
gex_naive	observed	0.2	291	-0.013745704467353952	0.006837210581670266	-0.14776632302405499	0.030136956432692704	-0.47079037800687284	0.02931086640815341	-0.4536082474226804	0.031945954950269265	-27.79563492063492	2.7241675902207967	0.1314647324334639	0.020930978930197665	0.140893470790378	0.02546483782336419	0.01718213058419244	0.03423604472580879	-0.036243625866372566	0.013758693816804776	0.48109965635738833	0.030136956432692697
gex_naive	untyped	0.05	300	-0.41333333333333333	0.028866869806520538	-0.21666666666666667	0.02605984594006492	-0.24	0.02469885513168684	-0.24	0.02469885513168684	-67.5	18.551525298721156	-0.06605703418806637	0.008011184584538084	-0.023333333333333334	0.008730235947285765	-0.15	0.02064997347897266	-0.4220840398917685	0.02790441402047225	0.4666666666666667	0.029614141870676063
gex_naive	untyped	0.1	300	-0.6866666666666666	0.02682505913963038	-0.6666666666666666	0.029235267310234306	-0.685	0.022517799227528473	-0.5566666666666666	0.028729443073160024	-67.0204081632653	11.150428204611206	-0.17694241958482826	0.01474187363005805	-0.10833333333333334	0.017099996631613382	-0.30333333333333334	0.02658501993650098	-0.643330694862202	0.02306209084819793	0.5566666666666666	0.028729443073160024
gex_naive	untyped	0.2	300	-0.64	0.02775911673437953	-0.6766666666666666	0.031611610885435806	-0.9766666666666667	0.008730235947285765	-0.9766666666666667	0.008730235947285765	-25.915730337078653	4.608222516013077	-0.34164570923020043	0.02111965761318011	-0.2733333333333333	0.02577379228278591	-0.37666666666666665	0.02802226115126559	-0.6711353695792862	0.023242650911753104	0.65	0.02758386421836852
multiome_imp	any	0.05	300	-0.14333333333333334	0.021853027532527866	-0.06666666666666667	0.01849000654084097	-0.04	0.01436892472561345	-0.023333333333333334	0.01286091737933101	9.620689655172415	4.750787799100005	-0.02445360243967548	0.005823615572093102	-0.01	0.007059233380455163	-0.11666666666666667	0.02082915231178405	-0.1846323668223883	0.023949033096383	0.0	0.013355611265883555
multiome_imp	any	0.1	300	-0.23666666666666666	0.025471401031969185	-0.29	0.02788933377986114	-0.2633333333333333	0.025797571175561404	-0.21666666666666667	0.025628480766214837	6.822368421052632	1.1073482330522797	-0.12646369501186894	0.013719675124227153	-0.115	0.0174399750953562	-0.2	0.025863030005593587	-0.19557731835057252	0.02305173744620742	0.006666666666666667	0.009435970141739183
multiome_imp	any	0.2	300	-0.07666666666666666	0.015386751988387175	-0.25	0.029910680858707277	-0.17666666666666667	0.019220212635774867	-0.16	0.02368503848292355	6.313229571984436	0.9417182582374882	-0.09631553445957106	0.009506102311951418	-0.07166666666666667	0.012586010295037324	-0.17666666666666667	0.02786267220521856	-0.1321845350295285	0.01745833264936156	0.016666666666666666	0.009970226952902428
multiome_imp	observed	0.05	291	-0.037800687285223365	0.015617856324972807	-0.006872852233676976	0.017547948395651974	-0.01718213058419244	0.01629727732892974	-0.01718213058419244	0.015742510298244403	2.9367088607594938	0.7948106954453084	-0.01559663687680398	0.006380062700196692	-0.013745704467353952	0.009702908299062403	0.01718213058419244	0.017858474231389317	-0.02316235940514655	0.018607951560378665	-0.027491408934707903	0.02477055959096619
multiome_imp	observed	0.1	291	-0.041237113402061855	0.012650400854219155	-0.048109965635738834	0.018641649208498128	-0.05670103092783505	0.01941630566250787	-0.044673539518900345	0.018985791828123728	1.7799043062200957	0.5877592067534447	-0.06418058053587396	0.010736953208219324	-0.061855670103092786	0.014760640271418922	-0.07560137457044673	0.024422896989806327	-0.05928820112426484	0.0158226280277244	-0.044673539518900345	0.029695943855716424
multiome_imp	observed	0.2	291	-0.003436426116838488	0.0034364261168384883	-0.013745704467353952	0.010855686064038934	-0.048109965635738834	0.014534063955487713	-0.05154639175257732	0.016229046988461986	2.299651567944251	0.6053388718652928	-0.0509024540012031	0.00847386502317226	-0.05326460481099656	0.01648175607370919	-0.07903780068728522	0.027791934819339205	-0.015563196391425643	0.010485622270608863	-0.048109965635738834	0.028661836899120774
multiome_imp	untyped	0.05	300	-0.12	0.023533936216582084	-0.1	0.02189464995762666	-0.08666666666666667	0.021050098617400915	-0.08666666666666667	0.021050098617400915	1.2272727272727273	2.3079199141638598	-0.040489898149680965	0.006939853531495838	-0.02	0.008096409047527363	-0.09333333333333334	0.020954552581142896	-0.16649123893768136	0.023999079289955965	0.02	0.011508321839951569
multiome_imp	untyped	0.1	300	-0.24	0.02514617244933566	-0.27666666666666667	0.02794258061136433	-0.24666666666666667	0.02613033677903529	-0.21	0.025377857956700306	5.857575757575757	1.1199808464717274	-0.10535907077877453	0.012599921386801119	-0.07333333333333333	0.015259431232712888	-0.18333333333333332	0.028511310643917525	-0.24043857675734426	0.023833345876902837	0.016666666666666666	0.011031861562223145
multiome_imp	untyped	0.2	300	-0.11	0.01809488184995635	-0.18333333333333332	0.0223772924665725	-0.23	0.025674838352260674	-0.23	0.025674838352260674	5.534552845528455	0.7113873402827753	-0.18771650424839834	0.018018294065220142	-0.17	0.02321197937751267	-0.17666666666666667	0.027862672205218562	-0.15315405256193837	0.020199775392268894	0.006666666666666667	0.011559871131943568
