region	egA	r2A	cicA	egB	r2B	cicB	arm	target_sites
r000	0.8889	0.6570	0.1111	0.6667	0.7736	0.3889	gex_imp	573
r001	0.6667	0.6111	0.0556	0.3333	0.1972	0.0556	gex_imp	241
r002	0.5556	0.6108	0.0556	0.2222	0.2838	0.1667	gex_imp	189
r003	0.7778	0.6174	0.0556	0.7778	0.4085	0.1667	gex_imp	233
r004	0.7778	0.6130	0.0556	0.4444	0.1745	0.1111	gex_imp	31
r005	0.6667	0.6365	0.1667	0.5556	0.4395	0.2778	gex_imp	84
r006	0.8889	0.6141	0.0000	0.2222	0.1149	0.0000	gex_imp	147
r007	0.8889	0.6051	0.1111	0.4444	0.3579	0.2778	gex_imp	98
r008	0.8889	0.6147	0.0556	0.7778	0.6380	0.2222	gex_imp	97
r009	0.6667	0.6244	0.0833	0.0000		0.0000	gex_imp	0
r010	0.8889	0.6114	0.1111	0.6667	0.5851	0.2778	gex_imp	87
r011	0.6667	0.6450	0.1667	0.6667	0.7802	0.2778	gex_imp	327
r012	0.7778	0.6238	0.0556	0.6667	0.5047	0.2222	gex_imp	328
r013	0.7778	0.6088	0.0556	0.3333	0.1169	0.0556	gex_imp	151
r014	0.7778	0.6172	0.0556	0.2222	0.1223	0.0556	gex_imp	278
r015	0.6667	0.6033	0.0556	0.3333	0.1906	0.0556	gex_imp	72
r016	1.0000	0.6612	0.0556	0.8889	0.7652	0.1111	gex_imp	443
r017	1.0000	0.6563	0.1111	0.5556	0.6117	0.2778	gex_imp	553
r018	0.8889	0.6403	0.0000	0.7778	0.7105	0.1111	gex_imp	392
r019	1.0000	0.6427	0.3889	0.7778	0.5096	0.2778	gex_imp	322
r020	0.5556	0.5992	0.1667	0.1111	0.0706	0.1111	gex_imp	61
r021	0.7778	0.6093	0.1667	0.3333	0.0699	0.1667	gex_imp	120
r022	0.6667	0.6002	0.0000	0.3333	0.2677	0.1667	gex_imp	10
r023	0.8889	0.6314	0.0556	0.5556	0.5572	0.1667	gex_imp	114
r024	0.7778	0.6021	0.1667	0.2222	0.0665	0.1111	gex_imp	8
r025	0.8889	0.6331	0.2222	0.6667	0.7115	0.3889	gex_imp	173
r026	0.7778	0.6479	0.1667	0.5556	0.4627	0.3333	gex_imp	325
r027	1.0000	0.6112	0.0556	0.8889	0.6029	0.5556	gex_imp	143
r028	0.7778	0.6294	0.1667	0.7778	0.7175	0.1667	gex_imp	281
r029	0.8889	0.6257	0.1667	0.7778	0.4169	0.2222	gex_imp	214
r030	0.7778	0.6436	0.2222	0.6667	0.5371	0.2778	gex_imp	406
r031	0.8889	0.6085	0.0556	0.3333	0.1629	0.0556	gex_imp	15
r032	0.6667	0.6105	0.0556	0.2222	0.1547	0.0556	gex_imp	74
r033	1.0000	0.6106	0.0556	0.6667	0.6737	0.2222	gex_imp	66
r034	0.8889	0.6249	0.1111	0.4444	0.4128	0.2222	gex_imp	195
r035	0.7778	0.6017	0.0556	0.3333	0.0996	0.0556	gex_imp	45
r036	0.7778	0.6296	0.0556	0.5556	0.5383	0.1667	gex_imp	262
r037	0.7778	0.6336	0.1111	0.5556	0.3493	0.1111	gex_imp	358
r038	0.8889	0.6163	0.0556	0.3333	0.1970	0.2222	gex_imp	170
r039	0.6667	0.6212	0.1667	0.5556	0.4101	0.2222	gex_imp	282
r040	0.8889	0.6278	0.1667	0.4444	0.1918	0.2778	gex_imp	393
r041	0.8333	0.5980	0.0000	0.0000	0.0096	0.0000	gex_imp	4
r042	1.0000	0.6131	0.0000	0.5556	0.3143	0.1667	gex_imp	188
r043	0.8889	0.6227	0.2778	0.6667	0.4296	0.2778	gex_imp	141
r044	0.8889	0.6139	0.1111	0.5556	0.2668	0.1667	gex_imp	83
r045	1.0000	0.6288	0.2778	0.5556	0.2668	0.3333	gex_imp	52
r046	0.7778	0.6083	0.0556	0.6667	0.4897	0.2222	gex_imp	83
r047	0.6667	0.6152	0.0556	0.3333	0.4859	0.1111	gex_imp	122
r048	0.8889	0.6017	0.0556	0.6667	0.3334	0.2778	gex_imp	48
r049	0.6667	0.6101	0.0556	0.3333	0.4136	0.1667	gex_imp	52
r050	0.5556	0.6110	0.1111	0.2222	0.2519	0.0556	gex_imp	13
r051	0.5556	0.6501	0.0556	0.4444	0.4220	0.1111	gex_imp	592
r052	0.6667	0.6373	0.1111	0.5556	0.4804	0.1667	gex_imp	497
r053	0.7778	0.6396	0.1111	0.4444	0.3590	0.1667	gex_imp	490
r054	0.8889	0.6220	0.1667	0.4444	0.2079	0.1111	gex_imp	175
r055	0.4444	0.6145	0.1111	0.2222	0.2846	0.1111	gex_imp	245
r056	0.7778	0.6451	0.0000	0.5556	0.5625	0.3333	gex_imp	360
r057	0.7778	0.6243	0.1667	0.5556	0.4184	0.3333	gex_imp	106
r058	0.7778	0.6011	0.1111	0.4444	0.0864	0.2222	gex_imp	80
r059	0.6667	0.6434	0.1111	0.3333	0.6669	0.1667	gex_imp	256
r060	0.8889	0.6137	0.1111	0.3333	0.1595	0.1111	gex_imp	123
r061	0.8889	0.6326	0.3333	0.7778	0.4916	0.2778	gex_imp	224
r062	0.6667	0.6131	0.0556	0.5556	0.5191	0.0556	gex_imp	106
r063	0.8889	0.6415	0.1111	0.5556	0.4906	0.1667	gex_imp	253
r064	0.7778	0.6209	0.3333	0.4444	0.3297	0.1111	gex_imp	219
r065	0.8889	0.6111	0.1667	0.6667	0.2802	0.2778	gex_imp	109
r066	0.8889	0.6497	0.0000	0.5556	0.5028	0.2222	gex_imp	435
r067	0.6667	0.6338	0.1667	0.7778	0.4332	0.2778	gex_imp	393
r068	0.6667	0.6274	0.2222	0.3333	0.2912	0.1111	gex_imp	283
r069	0.8889	0.6159	0.1667	0.6667	0.4663	0.2778	gex_imp	234
r070	0.8889	0.6108	0.2222	0.2222	0.1191	0.0556	gex_imp	157
r071	0.7778	0.6119	0.1111	0.5556	0.2224	0.1667	gex_imp	95
r072	0.7778	0.6316	0.1111	0.4444	0.4211	0.1111	gex_imp	338
r073	0.7778	0.6188	0.0556	0.3333	0.1470	0.1667	gex_imp	131
r074	0.8333	0.6066	0.0833	0.0000	0.0260	0.0000	gex_imp	4
r075	0.8889	0.6456	0.0000	0.7778	0.7608	0.2222	gex_imp	251
r076	0.7778	0.6296	0.1667	0.7778	0.4721	0.2222	gex_imp	154
r077	0.6667	0.6224	0.0556	0.6667	0.6689	0.3333	gex_imp	117
r078	0.7778	0.6515	0.0556	0.6667	0.5858	0.3333	gex_imp	176
r079	0.7778	0.6071	0.0556	0.4444	0.2330	0.0556	gex_imp	35
r080	0.8889	0.6208	0.1667	0.3333	0.4678	0.0556	gex_imp	144
r081	0.7778	0.6096	0.1667	0.5556	0.1850	0.0000	gex_imp	55
r082	0.6667	0.6096	0.1111	0.3333	0.0633	0.0556	gex_imp	25
r083	0.7778	0.6022	0.2222	0.1111	0.0304	0.0000	gex_imp	26
r084	0.7778	0.6223	0.1111	0.3333	0.1852	0.1111	gex_imp	197
r085	0.6667	0.6387	0.0556	0.4444	0.3248	0.1667	gex_imp	192
r086	1.0000	0.6162	0.1667	0.6667	0.3502	0.2222	gex_imp	70
r087	0.6667	0.6182	0.1111	0.2222	0.2861	0.1111	gex_imp	166
r088	0.7778	0.6196	0.1111	0.3333	0.4534	0.1667	gex_imp	175
r089	1.0000	0.6311	0.1667	0.6667	0.5243	0.3333	gex_imp	324
r090	0.7778	0.6153	0.1111	0.3333	0.1484	0.1667	gex_imp	238
r091	0.8889	0.6401	0.1111	0.5556	0.5023	0.2222	gex_imp	294
r092	0.8889	0.6261	0.0556	0.7778	0.4639	0.3889	gex_imp	195
r093	0.7778	0.6071	0.1111	0.2222	0.1649	0.0000	gex_imp	63
r094	0.7778	0.6165	0.0556	0.6667	0.4967	0.1111	gex_imp	91
r095	0.8889	0.6389	0.1667	0.5556	0.4638	0.2222	gex_imp	232
r096	0.8889	0.6607	0.2222	0.4444	0.4431	0.2222	gex_imp	498
r097	0.6667	0.6048	0.1667	0.3333	0.2767	0.1111	gex_imp	44
r098	0.8889	0.6081	0.1667	0.3333	0.1404	0.2778	gex_imp	96
r099	0.7778	0.6075	0.1111	0.2222	0.1945	0.1111	gex_imp	99
r000	0.7778	0.8156	0.1111	0.6667	0.8800	0.2778	atac_imp	322
r001	0.7778	0.7932	0.1667	0.4444	0.3658	0.1111	atac_imp	167
r002	0.6667	0.8007	0.0556	0.4444	0.8122	0.2222	atac_imp	381
r003	0.7778	0.8054	0.0556	0.6667	0.7168	0.1667	atac_imp	220
r004	0.6667	0.8007	0.0556	0.2222	0.2720	0.1111	atac_imp	53
r005	0.8889	0.8160	0.2222	0.5556	0.5835	0.1111	atac_imp	65
r006	1.0000	0.7977	0.0556	0.3333	0.5509	0.1111	atac_imp	136
r007	0.8889	0.8000	0.0556	0.8889	0.7923	0.4444	atac_imp	257
r008	0.8889	0.7986	0.0556	0.8889	0.8322	0.3889	atac_imp	124
r009	0.8333	0.8072	0.2500	0.0000		0.0000	atac_imp	0
r010	0.8889	0.8067	0.0556	0.7778	0.9054	0.2778	atac_imp	166
r011	0.7778	0.7939	0.0556	0.5556	0.8276	0.2778	atac_imp	121
r012	0.8889	0.7999	0.1667	0.7778	0.8276	0.3333	atac_imp	233
r013	0.7778	0.8003	0.0556	0.7778	0.6778	0.4444	atac_imp	248
r014	0.7778	0.8037	0.1111	0.8889	0.5189	0.2222	atac_imp	356
r015	0.7778	0.8067	0.1667	0.5556	0.8006	0.2222	atac_imp	486
r016	0.8889	0.8147	0.0556	0.8889	0.8812	0.3333	atac_imp	220
r017	0.8889	0.8057	0.2222	0.4444	0.7977	0.1667	atac_imp	323
r018	0.8889	0.8086	0.0556	0.7778	0.8719	0.2778	atac_imp	267
r019	0.8889	0.8078	0.1111	0.7778	0.7533	0.5000	atac_imp	246
r020	0.6667	0.7995	0.0556	0.3333	0.5910	0.1111	atac_imp	215
r021	0.7778	0.7981	0.1667	0.5556	0.5042	0.2778	atac_imp	175
r022	0.8889	0.7950	0.0556	0.5556	0.6447	0.1667	atac_imp	97
r023	0.8889	0.8074	0.2222	0.8889	0.8307	0.2222	atac_imp	121
r024	0.7778	0.7960	0.1667	0.5556	0.3399	0.0556	atac_imp	97
r025	0.7778	0.8052	0.0556	0.7778	0.9048	0.4444	atac_imp	155
r026	0.7778	0.8113	0.0556	0.6667	0.8708	0.3889	atac_imp	283
r027	1.0000	0.8064	0.0000	0.8889	0.8971	0.4444	atac_imp	248
r028	0.8889	0.8069	0.0556	0.7778	0.9051	0.2778	atac_imp	217
r029	0.8889	0.8063	0.1111	0.6667	0.8962	0.3333	atac_imp	238
r030	0.8889	0.8018	0.1667	0.8889	0.8096	0.2778	atac_imp	235
r031	0.7778	0.8031	0.1667	0.6667	0.6351	0.2778	atac_imp	143
r032	0.6667	0.8027	0.2778	0.3333	0.4823	0.1111	atac_imp	173
r033	0.8889	0.7963	0.1111	0.6667	0.8198	0.3889	atac_imp	68
r034	0.7778	0.7960	0.1111	0.6667	0.7659	0.3333	atac_imp	189
r035	0.8889	0.7996	0.0556	0.5556	0.5406	0.1667	atac_imp	259
r036	0.7778	0.8125	0.2222	0.7778	0.8869	0.3889	atac_imp	301
r037	0.7778	0.8088	0.1111	0.5556	0.7443	0.2778	atac_imp	340
r038	0.6667	0.8117	0.0556	0.6667	0.7622	0.2222	atac_imp	455
r039	0.7778	0.8107	0.1667	0.6667	0.8725	0.3889	atac_imp	484
r040	0.8889	0.8027	0.2222	0.6667	0.5516	0.2778	atac_imp	295
r041	0.6667	0.7952	0.3333	0.6667	0.4357	0.1667	atac_imp	158
r042	1.0000	0.8037	0.1111	0.8889	0.8476	0.2222	atac_imp	351
r043	0.8889	0.8080	0.2222	0.8889	0.8563	0.3889	atac_imp	198
r044	0.8889	0.8039	0.0556	0.7778	0.6644	0.3333	atac_imp	141
r045	1.0000	0.8153	0.2222	1.0000	0.7674	0.3889	atac_imp	142
r046	0.8889	0.8029	0.0556	0.6667	0.8687	0.2778	atac_imp	198
r047	0.5556	0.8067	0.1667	0.5556	0.8805	0.3333	atac_imp	230
r048	0.8889	0.7931	0.1667	0.8889	0.8858	0.3333	atac_imp	138
r049	0.6667	0.8025	0.0556	0.7778	0.8329	0.3889	atac_imp	162
r050	0.5556	0.8042	0.1667	0.5556	0.4891	0.1111	atac_imp	182
r051	0.6667	0.8172	0.2778	0.5556	0.7883	0.1667	atac_imp	714
r052	0.6667	0.8126	0.2778	0.6667	0.8082	0.3333	atac_imp	470
r053	0.8889	0.8094	0.2222	0.6667	0.7133	0.3333	atac_imp	348
r054	0.7778	0.8038	0.1111	0.6667	0.5248	0.1667	atac_imp	273
r055	0.4444	0.7983	0.1111	0.3333	0.6068	0.2222	atac_imp	299
r056	0.7778	0.8098	0.1111	0.6667	0.8268	0.3333	atac_imp	253
r057	0.8889	0.8092	0.1667	0.6667	0.8327	0.3889	atac_imp	172
r058	0.6667	0.7918	0.3333	0.4444	0.4991	0.2222	atac_imp	124
r059	0.6667	0.8069	0.1667	0.4444	0.8086	0.2222	atac_imp	188
r060	0.8889	0.8017	0.2778	0.7778	0.5716	0.3333	atac_imp	231
r061	0.8889	0.8070	0.2222	0.8889	0.7224	0.3333	atac_imp	212
r062	0.6667	0.8046	0.1667	0.6667	0.9269	0.2222	atac_imp	186
r063	0.8889	0.8082	0.1111	0.5556	0.7882	0.2222	atac_imp	243
r064	1.0000	0.8020	0.3333	0.7778	0.6915	0.3333	atac_imp	189
r065	0.8889	0.8092	0.1667	0.8889	0.8410	0.2778	atac_imp	365
r066	0.8889	0.8140	0.1667	0.6667	0.8730	0.2778	atac_imp	429
r067	0.7778	0.8010	0.2222	0.6667	0.6898	0.2222	atac_imp	167
r068	0.6667	0.8084	0.1111	0.4444	0.5314	0.1667	atac_imp	288
r069	0.8889	0.7966	0.1111	0.8889	0.7844	0.3333	atac_imp	147
r070	0.8889	0.8031	0.3889	0.2222	0.4521	0.0556	atac_imp	283
r071	0.7778	0.8046	0.0556	0.7778	0.6759	0.3333	atac_imp	283
r072	0.7778	0.8057	0.2222	0.5556	0.7357	0.3333	atac_imp	288
r073	0.7778	0.8093	0.0556	0.3333	0.5586	0.1111	atac_imp	228
r074	0.8333	0.7975	0.1667	0.5000	0.3764	0.2500	atac_imp	60
r075	0.8889	0.8115	0.2222	0.8889	0.9267	0.2778	atac_imp	218
r076	0.8889	0.8061	0.1111	0.7778	0.7735	0.3889	atac_imp	151
r077	0.6667	0.8028	0.0556	0.6667	0.8866	0.3333	atac_imp	105
r078	0.7778	0.7991	0.0000	0.6667	0.8146	0.4444	atac_imp	83
r079	0.7778	0.8024	0.2778	0.6667	0.7948	0.3333	atac_imp	173
r080	0.7778	0.8072	0.2778	0.7778	0.7915	0.2222	atac_imp	224
r081	0.7778	0.8046	0.1667	0.6667	0.6641	0.2778	atac_imp	196
r082	0.7778	0.8039	0.2222	0.4444	0.4644	0.1667	atac_imp	181
r083	0.7778	0.8033	0.2222	0.3333	0.6565	0.1111	atac_imp	276
r084	0.7778	0.8106	0.1111	0.5556	0.7704	0.2778	atac_imp	409
r085	0.8889	0.8153	0.1667	0.5556	0.7732	0.3333	atac_imp	166
r086	1.0000	0.8057	0.1667	0.6667	0.7552	0.3333	atac_imp	183
r087	0.7778	0.7992	0.1111	0.4444	0.5569	0.2222	atac_imp	195
r088	0.6667	0.8062	0.1111	0.2222	0.8088	0.2222	atac_imp	228
r089	0.8889	0.8111	0.2778	0.7778	0.8818	0.2778	atac_imp	435
r090	0.7778	0.7975	0.1111	0.4444	0.3069	0.1667	atac_imp	142
r091	0.8889	0.8100	0.1667	0.7778	0.7820	0.2778	atac_imp	291
r092	0.8889	0.8048	0.1111	0.8889	0.6578	0.3889	atac_imp	170
r093	0.6667	0.8004	0.1667	0.3333	0.6100	0.1667	atac_imp	189
r094	0.7778	0.8043	0.0000	0.7778	0.8954	0.1667	atac_imp	224
r095	0.8889	0.8094	0.1111	0.7778	0.6940	0.1667	atac_imp	203
r096	0.8889	0.8148	0.1111	0.8889	0.8299	0.2778	atac_imp	351
r097	0.7778	0.8037	0.1111	0.6667	0.8038	0.2778	atac_imp	233
r098	0.8889	0.8039	0.2778	0.6667	0.7031	0.2222	atac_imp	313
r099	0.7778	0.8062	0.0556	0.5556	0.8003	0.1667	atac_imp	349
r000	0.7778	0.8334	0.2222	0.6667	0.9111	0.3333	multiome_imp	573
r001	0.7778	0.7989	0.1667	0.4444	0.3818	0.1667	multiome_imp	241
r002	0.5556	0.8077	0.0556	0.4444	0.8312	0.2222	multiome_imp	189
r003	0.8889	0.8107	0.0556	0.7778	0.7363	0.1667	multiome_imp	233
r004	0.6667	0.8018	0.2222	0.3333	0.3542	0.1667	multiome_imp	31
r005	0.7778	0.8223	0.2222	0.6667	0.6622	0.1667	multiome_imp	84
r006	0.7778	0.8041	0.0556	0.4444	0.5593	0.1111	multiome_imp	147
r007	0.8889	0.8070	0.1111	0.8889	0.8072	0.5000	multiome_imp	98
r008	0.8889	0.8073	0.1667	0.8889	0.8648	0.3889	multiome_imp	97
r009	0.8333	0.8084	0.1667	0.0000		0.0000	multiome_imp	0
r010	0.8889	0.8102	0.1667	0.7778	0.9120	0.2778	multiome_imp	87
r011	0.7778	0.8146	0.1667	0.6667	0.8710	0.2778	multiome_imp	327
r012	0.7778	0.8101	0.1111	0.7778	0.8466	0.3333	multiome_imp	328
r013	0.8889	0.8024	0.2222	0.7778	0.6872	0.3333	multiome_imp	151
r014	0.8889	0.8095	0.1111	0.7778	0.5433	0.1667	multiome_imp	278
r015	0.6667	0.8080	0.0556	0.6667	0.8054	0.2222	multiome_imp	72
r016	1.0000	0.8337	0.1667	0.8889	0.9028	0.3333	multiome_imp	443
r017	0.7778	0.8296	0.2222	0.6667	0.8492	0.2222	multiome_imp	553
r018	0.7778	0.8212	0.1111	0.7778	0.8885	0.2222	multiome_imp	392
r019	1.0000	0.8241	0.3333	0.7778	0.7725	0.5000	multiome_imp	322
r020	0.6667	0.7994	0.0556	0.3333	0.6164	0.1111	multiome_imp	61
r021	0.8889	0.8028	0.2222	0.4444	0.5111	0.2222	multiome_imp	120
r022	0.8889	0.7949	0.1667	0.5556	0.6512	0.1111	multiome_imp	10
r023	0.8889	0.8203	0.2778	0.8889	0.8619	0.1667	multiome_imp	114
r024	0.7778	0.7965	0.1667	0.5556	0.3478	0.0556	multiome_imp	8
r025	0.8889	0.8192	0.1667	0.7778	0.9244	0.2778	multiome_imp	173
r026	0.6667	0.8303	0.1667	0.6667	0.8828	0.4444	multiome_imp	325
r027	1.0000	0.8129	0.1667	0.8889	0.9109	0.5000	multiome_imp	143
r028	0.7778	0.8190	0.2222	0.8889	0.9358	0.2778	multiome_imp	281
r029	0.8889	0.8166	0.1667	0.6667	0.9009	0.3333	multiome_imp	214
r030	0.7778	0.8222	0.2222	0.7778	0.8478	0.3889	multiome_imp	406
r031	0.8889	0.8026	0.1667	0.6667	0.6481	0.3333	multiome_imp	15
r032	0.7778	0.8057	0.2222	0.4444	0.5024	0.1667	multiome_imp	74
r033	0.8889	0.8009	0.1111	0.6667	0.8582	0.3333	multiome_imp	66
r034	0.7778	0.8116	0.1111	0.6667	0.7701	0.3333	multiome_imp	195
r035	0.7778	0.8006	0.1667	0.5556	0.5485	0.1667	multiome_imp	45
r036	0.7778	0.8230	0.2222	0.7778	0.8981	0.3333	multiome_imp	262
r037	0.7778	0.8190	0.1667	0.6667	0.7615	0.3333	multiome_imp	358
r038	0.6667	0.8166	0.2778	0.6667	0.7762	0.3333	multiome_imp	170
r039	0.7778	0.8178	0.2778	0.6667	0.8804	0.3889	multiome_imp	282
r040	0.8889	0.8135	0.3333	0.7778	0.6001	0.4444	multiome_imp	393
r041	0.8333	0.7951	0.1667	0.5000	0.4267	0.1667	multiome_imp	4
r042	1.0000	0.8093	0.0556	0.8889	0.8622	0.3333	multiome_imp	188
r043	0.8889	0.8177	0.2222	0.7778	0.8644	0.3889	multiome_imp	141
r044	0.8889	0.8069	0.2778	0.7778	0.7084	0.3333	multiome_imp	83
r045	1.0000	0.8188	0.1667	1.0000	0.7785	0.4444	multiome_imp	52
r046	0.8889	0.8064	0.0556	0.6667	0.8769	0.2778	multiome_imp	83
r047	0.6667	0.8089	0.1667	0.5556	0.8864	0.2778	multiome_imp	122
r048	0.8889	0.7946	0.1111	0.7778	0.8887	0.3333	multiome_imp	48
r049	0.6667	0.8037	0.2222	0.6667	0.8501	0.3889	multiome_imp	52
r050	0.6667	0.8051	0.2222	0.4444	0.4901	0.2222	multiome_imp	13
r051	0.6667	0.8370	0.1667	0.7778	0.8106	0.1667	multiome_imp	592
r052	0.6667	0.8278	0.1667	0.5556	0.8408	0.3333	multiome_imp	497
r053	0.8889	0.8240	0.2778	0.6667	0.7543	0.2222	multiome_imp	490
r054	0.8889	0.8109	0.1667	0.6667	0.5482	0.2222	multiome_imp	175
r055	0.4444	0.8052	0.1111	0.3333	0.6284	0.1667	multiome_imp	245
r056	0.7778	0.8272	0.2222	0.6667	0.8606	0.4444	multiome_imp	360
r057	0.7778	0.8147	0.3333	0.6667	0.8489	0.3889	multiome_imp	106
r058	0.7778	0.7942	0.2222	0.4444	0.5008	0.3333	multiome_imp	80
r059	0.7778	0.8236	0.2222	0.5556	0.8450	0.2222	multiome_imp	256
r060	1.0000	0.8065	0.3333	0.7778	0.5806	0.3333	multiome_imp	123
r061	0.8889	0.8185	0.3333	0.8889	0.7563	0.3333	multiome_imp	224
r062	0.6667	0.8096	0.1111	0.6667	0.9346	0.1667	multiome_imp	106
r063	0.7778	0.8229	0.2222	0.6667	0.8065	0.2778	multiome_imp	253
r064	1.0000	0.8090	0.2778	0.7778	0.7104	0.3333	multiome_imp	219
r065	0.8889	0.8139	0.1111	0.8889	0.8538	0.3333	multiome_imp	109
r066	0.7778	0.8322	0.2222	0.6667	0.8913	0.3333	multiome_imp	435
r067	0.7778	0.8132	0.2778	0.6667	0.7621	0.4444	multiome_imp	393
r068	0.7778	0.8154	0.2778	0.4444	0.5648	0.2222	multiome_imp	283
r069	0.8889	0.8038	0.2222	0.8889	0.7947	0.4444	multiome_imp	234
r070	0.8889	0.8061	0.2778	0.4444	0.4820	0.1111	multiome_imp	157
r071	0.7778	0.8079	0.2222	0.7778	0.7087	0.3333	multiome_imp	95
r072	0.7778	0.8163	0.2222	0.5556	0.7853	0.2778	multiome_imp	338
r073	0.7778	0.8131	0.2222	0.3333	0.5751	0.1667	multiome_imp	131
r074	0.6667	0.7976	0.0833	0.5000	0.3915	0.2500	multiome_imp	4
r075	0.8889	0.8250	0.1667	0.8889	0.9441	0.2222	multiome_imp	251
r076	0.8889	0.8159	0.1667	0.6667	0.7763	0.3889	multiome_imp	154
r077	0.6667	0.8093	0.1667	0.6667	0.8939	0.2778	multiome_imp	117
r078	0.7778	0.8234	0.2222	0.7778	0.8321	0.3889	multiome_imp	176
r079	0.8889	0.8052	0.3333	0.6667	0.8056	0.3889	multiome_imp	35
r080	0.8889	0.8152	0.2778	0.7778	0.8123	0.2222	multiome_imp	144
r081	0.8889	0.8081	0.1667	0.6667	0.6769	0.3889	multiome_imp	55
r082	0.7778	0.8053	0.0556	0.5556	0.4798	0.1667	multiome_imp	25
r083	0.7778	0.8035	0.2222	0.4444	0.6544	0.1111	multiome_imp	26
r084	0.7778	0.8173	0.1111	0.5556	0.7783	0.2222	multiome_imp	197
r085	0.5556	0.8253	0.1111	0.5556	0.7972	0.3333	multiome_imp	192
r086	0.8889	0.8105	0.1667	0.7778	0.7711	0.3889	multiome_imp	70
r087	0.7778	0.8058	0.1667	0.3333	0.5670	0.1667	multiome_imp	166
r088	0.6667	0.8161	0.2222	0.3333	0.8289	0.2222	multiome_imp	175
r089	0.8889	0.8249	0.2778	0.7778	0.9075	0.3889	multiome_imp	324
r090	0.7778	0.8032	0.0556	0.4444	0.3426	0.1667	multiome_imp	238
r091	0.8889	0.8228	0.0556	0.7778	0.8087	0.3333	multiome_imp	294
r092	0.8889	0.8117	0.2778	0.8889	0.6708	0.5000	multiome_imp	195
r093	0.5556	0.8024	0.2222	0.3333	0.6089	0.1667	multiome_imp	63
r094	0.7778	0.8099	0.2222	0.7778	0.9098	0.1667	multiome_imp	91
r095	0.7778	0.8189	0.1667	0.6667	0.7476	0.2222	multiome_imp	232
r096	0.8889	0.8359	0.3333	0.7778	0.8815	0.3889	multiome_imp	498
r097	0.7778	0.8052	0.1667	0.6667	0.8037	0.2778	multiome_imp	44
r098	0.8889	0.8074	0.2778	0.6667	0.7257	0.3889	multiome_imp	96
r099	0.6667	0.8081	0.2222	0.5556	0.8081	0.1667	multiome_imp	99
