ambisim_final	AFR_only__adversarial_mindist__rep1	0	159351
ambisim_final	AFR_only__adversarial_mindist__rep2	0	159351
ambisim_final	AFR_only__adversarial_mindist__rep3	0	159351
ambisim_final	AFR_only__greedy_maxkl__rep1	0	159351
ambisim_final	AFR_only__greedy_maxkl__rep2	0	159351
ambisim_final	AFR_only__greedy_maxkl__rep3	0	159351
ambisim_final	AFR_only__greedy_maxmean__rep1	0	159351
ambisim_final	AFR_only__greedy_maxmean__rep2	0	159351
ambisim_final	AFR_only__greedy_maxmean__rep3	0	159351
ambisim_final	AFR_only__greedy_maxmin__rep1	0	159351
ambisim_final	AFR_only__greedy_maxmin__rep2	0	159351
ambisim_final	AFR_only__greedy_maxmin__rep3	0	159351
ambisim_final	AFR_only__random__rep1	0	159351
ambisim_final	AFR_only__random__rep2	0	159351
ambisim_final	AFR_only__random__rep3	0	159351
ambisim_final	all_3_major__ancestry_balanced__rep1	0	159351
ambisim_final	all_3_major__ancestry_balanced__rep2	0	159351
ambisim_final	all_3_major__ancestry_balanced__rep3	0	159351
ambisim_final	all_3_major__greedy_maxmean__rep1	0	159351
ambisim_final	all_3_major__greedy_maxmean__rep2	0	159351
ambisim_final	all_3_major__greedy_maxmean__rep3	0	159351
ambisim_final	all_3_major__greedy_maxmin__rep1	0	159351
ambisim_final	all_3_major__greedy_maxmin__rep2	0	159351
ambisim_final	all_3_major__greedy_maxmin__rep3	0	159351
ambisim_final	all_3_major__random__rep1	0	159351
ambisim_final	all_3_major__random__rep2	0	159351
ambisim_final	all_3_major__random__rep3	0	159351
ambisim_final	all_5__ancestry_balanced__rep1	0	159351
ambisim_final	all_5__ancestry_balanced__rep2	0	159351
ambisim_final	all_5__ancestry_balanced__rep3	0	159351
ambisim_final	all_5__greedy_maxmean__rep1	0	159351
ambisim_final	all_5__greedy_maxmean__rep2	0	159351
ambisim_final	all_5__greedy_maxmean__rep3	0	159351
ambisim_final	all_5__greedy_maxmin__rep1	0	159351
ambisim_final	all_5__greedy_maxmin__rep2	0	159351
ambisim_final	all_5__greedy_maxmin__rep3	0	159351
ambisim_final	all_5__random__rep1	0	159351
ambisim_final	all_5__random__rep2	0	159351
ambisim_final	all_5__random__rep3	0	159351
ambisim_final	AMR_only__adversarial_mindist__rep1	0	159351
ambisim_final	AMR_only__adversarial_mindist__rep2	0	159351
ambisim_final	AMR_only__adversarial_mindist__rep3	0	159351
ambisim_final	AMR_only__greedy_maxkl__rep1	0	159351
ambisim_final	AMR_only__greedy_maxkl__rep2	0	159351
ambisim_final	AMR_only__greedy_maxkl__rep3	0	159351
ambisim_final	AMR_only__greedy_maxmean__rep1	0	159351
ambisim_final	AMR_only__greedy_maxmean__rep2	0	159351
ambisim_final	AMR_only__greedy_maxmean__rep3	0	159351
ambisim_final	AMR_only__greedy_maxmin__rep1	0	159351
ambisim_final	AMR_only__greedy_maxmin__rep2	0	159351
ambisim_final	AMR_only__greedy_maxmin__rep3	0	159351
ambisim_final	AMR_only__random__rep1	0	159351
ambisim_final	AMR_only__random__rep2	0	159351
ambisim_final	AMR_only__random__rep3	0	159351
ambisim_final	EAS_only__adversarial_mindist__rep1	0	159351
ambisim_final	EAS_only__adversarial_mindist__rep2	0	159351
ambisim_final	EAS_only__adversarial_mindist__rep3	0	159351
ambisim_final	EAS_only__greedy_maxkl__rep1	0	159351
ambisim_final	EAS_only__greedy_maxkl__rep2	0	159351
ambisim_final	EAS_only__greedy_maxkl__rep3	0	159351
ambisim_final	EAS_only__greedy_maxmean__rep1	0	159351
ambisim_final	EAS_only__greedy_maxmean__rep2	0	159351
ambisim_final	EAS_only__greedy_maxmean__rep3	0	159351
ambisim_final	EAS_only__greedy_maxmin__rep1	0	159351
ambisim_final	EAS_only__greedy_maxmin__rep2	0	159351
ambisim_final	EAS_only__greedy_maxmin__rep3	0	159351
ambisim_final	EAS_only__random__rep1	0	159351
ambisim_final	EAS_only__random__rep2	0	159351
ambisim_final	EAS_only__random__rep3	0	159351
ambisim_final	EUR_AFR__adversarial_mindist__rep1	0	159351
ambisim_final	EUR_AFR__adversarial_mindist__rep2	0	159351
ambisim_final	EUR_AFR__adversarial_mindist__rep3	0	159351
ambisim_final	EUR_AFR__ancestry_balanced__rep1	0	159351
ambisim_final	EUR_AFR__ancestry_balanced__rep2	0	159351
ambisim_final	EUR_AFR__ancestry_balanced__rep3	0	159351
ambisim_final	EUR_AFR__greedy_maxmean__rep1	0	159351
ambisim_final	EUR_AFR__greedy_maxmean__rep2	0	159351
ambisim_final	EUR_AFR__greedy_maxmean__rep3	0	159351
ambisim_final	EUR_AFR__greedy_maxmin__rep1	0	159351
ambisim_final	EUR_AFR__greedy_maxmin__rep2	0	159351
ambisim_final	EUR_AFR__greedy_maxmin__rep3	0	159351
ambisim_final	EUR_AFR__random__rep1	0	159351
ambisim_final	EUR_AFR__random__rep2	0	159351
ambisim_final	EUR_AFR__random__rep3	0	159351
ambisim_final	EUR_EAS__ancestry_balanced__rep1	0	159351
ambisim_final	EUR_EAS__ancestry_balanced__rep2	0	159351
ambisim_final	EUR_EAS__ancestry_balanced__rep3	0	159351
ambisim_final	EUR_EAS__greedy_maxmean__rep1	0	159351
ambisim_final	EUR_EAS__greedy_maxmean__rep2	0	159351
ambisim_final	EUR_EAS__greedy_maxmean__rep3	0	159351
ambisim_final	EUR_EAS__greedy_maxmin__rep1	0	159351
ambisim_final	EUR_EAS__greedy_maxmin__rep2	0	159351
ambisim_final	EUR_EAS__greedy_maxmin__rep3	0	159351
ambisim_final	EUR_EAS__random__rep1	0	159351
ambisim_final	EUR_EAS__random__rep2	0	159351
ambisim_final	EUR_EAS__random__rep3	0	159351
ambisim_final	EUR_only__adversarial_mindist__rep1	0	159351
ambisim_final	EUR_only__adversarial_mindist__rep2	0	159351
ambisim_final	EUR_only__adversarial_mindist__rep3	0	159351
ambisim_final	EUR_only__greedy_maxkl__rep1	0	159351
ambisim_final	EUR_only__greedy_maxkl__rep2	0	159351
ambisim_final	EUR_only__greedy_maxkl__rep3	0	159351
ambisim_final	EUR_only__greedy_maxmean__rep1	0	159351
ambisim_final	EUR_only__greedy_maxmean__rep2	0	159351
ambisim_final	EUR_only__greedy_maxmean__rep3	0	159351
ambisim_final	EUR_only__greedy_maxmin__rep1	0	159351
ambisim_final	EUR_only__greedy_maxmin__rep2	0	159351
ambisim_final	EUR_only__greedy_maxmin__rep3	0	159351
ambisim_final	EUR_only__random__rep1	0	159351
ambisim_final	EUR_only__random__rep2	0	159351
ambisim_final	EUR_only__random__rep3	0	159351
ambisim_final	SAS_only__adversarial_mindist__rep1	0	159351
ambisim_final	SAS_only__adversarial_mindist__rep2	0	159351
ambisim_final	SAS_only__adversarial_mindist__rep3	0	159351
ambisim_final	SAS_only__greedy_maxkl__rep1	0	159351
ambisim_final	SAS_only__greedy_maxkl__rep2	0	159351
ambisim_final	SAS_only__greedy_maxkl__rep3	0	159351
ambisim_final	SAS_only__greedy_maxmean__rep1	0	159351
ambisim_final	SAS_only__greedy_maxmean__rep2	0	159351
ambisim_final	SAS_only__greedy_maxmean__rep3	0	159351
ambisim_final	SAS_only__greedy_maxmin__rep1	0	159351
ambisim_final	SAS_only__greedy_maxmin__rep2	0	159351
ambisim_final	SAS_only__greedy_maxmin__rep3	0	159351
ambisim_final	SAS_only__random__rep1	0	159351
ambisim_final	SAS_only__random__rep2	0	159351
ambisim_final	SAS_only__random__rep3	0	159351
ambisim_n16	EUR_only__greedy_maxmin__n16_rep1	0	159351
ambisim_n16	EUR_only__greedy_maxmin__n16_rep2	0	159351
ambisim_n16	EUR_only__random__n16_rep1	0	159351
ambisim_n16	EUR_only__random__n16_rep2	0	159351
